function,file,line,package,verdict,design_score,test_score,quality_score,test_quality,tests_executing,direct_tests,cov_all_pct,mutants_killed,mutants_total,trivial,verified,top_issue
main,cmd/clusterctl/main.go,18,cmd/clusterctl,good,5,4,9,strong,0,TestInterruptExits130 TestCtrlCAtAPromptExits130,100.0,,,True,,
interruptContext,cmd/clusterctl/main.go,35,cmd/clusterctl,good,5,5,10,strong,0,TestSecondInterruptEndsTheProcess TestInterruptExits130,100.0,,,False,,
Duration.Get,internal/apis/v1alpha1/duration.go,18,internal/apis/v1alpha1,good,5,4,9,strong,366,TestDurationRoundTrip,100.0,,,True,,
Duration.Or,internal/apis/v1alpha1/duration.go,21,internal/apis/v1alpha1,good,5,5,10,strong,345,TestDurationOr,100.0,1,1,False,,
Duration.String,internal/apis/v1alpha1/duration.go,29,internal/apis/v1alpha1,good,5,4,9,strong,4,TestDurationRoundTrip,100.0,,,True,,
Duration.MarshalJSON,internal/apis/v1alpha1/duration.go,32,internal/apis/v1alpha1,good,5,4,9,strong,3,TestDurationRoundTrip,100.0,,,True,,
Duration.UnmarshalJSON,internal/apis/v1alpha1/duration.go,35,internal/apis/v1alpha1,good,5,4,9,strong,341,TestDurationRoundTrip TestDurationRejectsBadValues,100.0,3,3,False,,
Duration.MarshalYAML,internal/apis/v1alpha1/duration.go,44,internal/apis/v1alpha1,nit,4,0,4,none,0,,0.0,,,True,,"Dead code. YAML output goes through JSON (internal/output/yaml.go:writeYAML), and goccy's Marshal is never used on config types. The doc names yaml.Marshaler, but goccy/go-yaml (the only YAML dependency) calls it InterfaceMarshaler."
Duration.UnmarshalYAML,internal/apis/v1alpha1/duration.go,47,internal/apis/v1alpha1,nit,4,0,4,none,0,,0.0,,,False,downgraded,"Unreachable in the program: config decoding goes YAML AST -> map -> json.Marshal -> json.Decoder (config/effective.go:277-281), so only UnmarshalJSON runs. A maintainer who tightens validation here would change nothing. It also copies UnmarshalJSON's logic without tests."
Duration.parse,internal/apis/v1alpha1/duration.go,55,internal/apis/v1alpha1,good,5,3,8,adequate,341,TestDurationRejectsBadValues TestDurationRoundTrip,100.0,4,4,False,,
Duration.JSONSchemaAlias,internal/apis/v1alpha1/duration.go,69,internal/apis/v1alpha1,good,5,4,9,strong,359,TestValidationRejectsWrongTypesAndVersions,100.0,,,True,,
Layers,internal/apis/v1alpha1/effective.go,40,internal/apis/v1alpha1,nit,4,3,7,adequate,1,TestLayersAndKindsAreComplete,100.0,,,True,,"Only types_test.go calls it. The real merge order is hard-coded in config/effective.go:106-153, so Layers() can drift from what is actually applied and nothing would notice."
Kinds,internal/apis/v1alpha1/register.go,22,internal/apis/v1alpha1,good,5,4,9,strong,382,TestLayersAndKindsAreComplete,100.0,,,True,,
KnownKind,internal/apis/v1alpha1/register.go,41,internal/apis/v1alpha1,good,4,4,8,strong,358,TestLayersAndKindsAreComplete TestCheckTypeMeta,100.0,3,3,False,,"The six-line loop duplicates slices.Contains, which the codebase already uses elsewhere. Cosmetic only."
CheckTypeMeta,internal/apis/v1alpha1/register.go,51,internal/apis/v1alpha1,good,5,5,10,strong,357,TestCheckTypeMeta,100.0,6,6,False,,
SecretKeyRef.String,internal/apis/v1alpha1/types.go,428,internal/apis/v1alpha1,good,5,3,8,adequate,3,,100.0,,,True,,
DefaultStreams,internal/app/app.go,65,internal/app,good,5,3,8,adequate,0,,100.0,,,False,,
ensureDirs,internal/app/app.go,157,internal/app,good,5,4,9,strong,318,TestNoStateDirectoryIsRefused,88.9,5,5,False,,
New,internal/app/app.go,180,internal/app,nit,4,3,7,adequate,333,TestNewResolvesEverything TestNewReportsAMissingConfiguration,92.5,4,8,False,,"This block cannot be reached. defaults.yaml always sets fanout.max, and Resolve's schema check already refuses 0 and -1 from --set, the environment, context overrides and --fanout (verified with the binary: '--set: fanout.max: minimum: got 0, want 1'). The comment says the schema does not see those layers, which is no longer true."
App.absoluteCommandLinePaths,internal/app/app.go,340,internal/app,bug,2,2,4,weak,316,TestCommandLinePathsResolveAgainstTheWorkingDirectory,80.0,1,8,False,upheld,"workstation.sopsBinary is not in the list, and sopsLocked resolves it with a.Path. Verified: CLUSTERCTL_SOPS_BINARY=tools/sops, run from a directory that holds tools/sops, runs <site>/tools/sops and fails with 'no such file'. doc/configuration.md says environment paths resolve against the working directory. The credential file/command paths set with --set are also resolved against the site."
App.loadInventory,internal/app/app.go,381,internal/app,good,5,3,8,adequate,316,,91.7,3,4,False,,
clusterInventories,internal/app/app.go,409,internal/app,good,5,4,9,strong,317,TestClusterInventoriesThatDoNotDecodeAreReported TestClusterNamingNoInventoryNeverReadsAnotherSite,95.5,6,8,False,,
App.CheckClusters,internal/app/app.go,448,internal/app,good,5,4,9,strong,11,TestClusterNamingNoInventoryNeverReadsAnotherSite,100.0,2,2,False,,
App.Path,internal/app/app.go,460,internal/app,good,5,5,10,strong,310,TestPathResolvesAgainstTheSiteDocument TestCommandLinePathsResolveAgainstTheWorkingDirectory,100.0,,,True,,
absolute,internal/app/app.go,469,internal/app,good,5,3,8,adequate,310,,80.0,2,2,False,,
App.Role,internal/app/app.go,480,internal/app,good,5,4,9,strong,150,TestRole,75.0,4,6,False,,
App.RoleNames,internal/app/app.go,503,internal/app,good,5,2,7,weak,12,,100.0,,,False,,
App.Node,internal/app/app.go,514,internal/app,good,5,4,9,strong,51,TestNodeAppliesTheNamingRules,75.0,1,2,False,,
App.NodeTargets,internal/app/app.go,523,internal/app,good,5,3,8,adequate,50,,85.7,1,2,False,,
App.Select,internal/app/app.go,541,internal/app,good,5,4,9,strong,205,TestSelectResolvesGroupsAndCanonicalisesNames TestSelectNamesMachinesNotSpellings TestSelectKeepsAnAmbiguousNameAsWritten TestANodeSetArgumentAndTheNodesFlagContradict TestANodeSetArgumentWinsOverTheEnvironment,90.9,6,8,False,,
checkHostNames,internal/app/app.go,587,internal/app,good,5,5,10,strong,195,TestNodeNamesThatAreOptionsAreRefused TestNodeNamesThatRedirectARedfishRequestAreRefused,100.0,2,2,False,,
App.canonicalize,internal/app/app.go,606,internal/app,good,5,4,9,strong,305,TestSelectNamesMachinesNotSpellings TestOneMachineNamedTwiceIsOneTarget,83.3,1,2,False,,
App.SelectOptional,internal/app/app.go,620,internal/app,good,5,3,8,adequate,12,TestSelectOptional,100.0,1,1,False,,
App.Executor,internal/app/app.go,628,internal/app,good,5,3,8,adequate,42,,100.0,,,True,,
App.Timeout,internal/app/app.go,633,internal/app,nit,4,3,7,adequate,307,,100.0,,,True,,"Returning the configuration type leaks it: almost every caller writes a.Timeout().Get(), and only one uses .Or(30*time.Minute)."
App.DryRun,internal/app/app.go,636,internal/app,good,5,3,8,adequate,59,,100.0,,,True,,
App.Print,internal/app/app.go,640,internal/app,good,5,3,8,adequate,136,,100.0,,,True,,
App.Printf,internal/app/app.go,646,internal/app,nit,4,3,7,adequate,44,,100.0,,,True,,"Print writes to stdout but Printf writes to stderr. A caller that uses a.Printf to emit data would put it on stderr, outside parsed output. Only the doc comment tells the two apart."
App.StatePath,internal/app/app.go,653,internal/app,good,5,0,5,none,0,,0.0,,,True,,
decode,internal/app/app.go,658,internal/app,good,4,4,8,strong,317,,100.0,,,True,,A one-line alias that adds a name but no behaviour; readers must look it up to learn it is config.Decode.
App.Context,internal/app/app.go,663,internal/app,good,5,3,8,adequate,205,,66.7,,,True,,
App.IdentityPaths,internal/app/app.go,671,internal/app,nit,4,3,7,adequate,18,,100.0,,,False,,"The doc says 'as absolute paths', but with a relative --config the result is relative. TestCommandLinePaths' 'document' case even expects a relative Path. secrets.IdentityFiles calls filepath.Abs itself, so only the stated contract is wrong."
App.Credentials,internal/app/bmc.go,29,internal/app,nit,4,4,8,strong,37,TestRedfishClientsAreBuiltConcurrently,100.0,,,False,,"The resolver gets raw workstation.identities and reads and resolves them itself (credentials.go:220-251), duplicating App.Identities' single read. Commit f7b2ad4 records this as known and tracks it as #90 measure 19."
App.promptPassword,internal/app/bmc.go,45,internal/app,good,5,3,8,adequate,0,TestCtrlCAtAPromptExits130,75.0,,,False,,
App.InventoryNode,internal/app/bmc.go,91,internal/app,nit,4,4,8,strong,67,TestVendorProfileFollowsTheMachine,88.9,4,5,False,,"Its normalisation parallels machine() but leaves out BMC-name and address aliases, which Select maps to the node. The doc's 'every spelling' therefore holds only for names Select has already canonicalised, and the two rules can drift apart."
App.BMCHost,internal/app/bmc.go,113,internal/app,good,5,5,10,strong,65,TestBMCHostPrefersTheInventoryAddress TestBMCHostRefusesWhatItCannotName TestVendorProfileFollowsTheMachine,100.0,4,4,False,,
App.BMCHosts,internal/app/bmc.go,129,internal/app,good,5,4,9,strong,38,TestBMCHostPrefersTheInventoryAddress,87.5,3,4,False,,
App.VendorProfile,internal/app/bmc.go,145,internal/app,good,5,4,9,strong,50,TestVendorProfileFollowsTheMachine TestBMCKeepsTheVendorProfileForEverySpelling,100.0,2,2,False,,
App.BMCCredentialName,internal/app/bmc.go,161,internal/app,good,5,4,9,strong,47,TestBMCPowerGroupsTheSetByAccount,100.0,1,1,False,,
App.BMCCredential,internal/app/bmc.go,170,internal/app,nit,4,4,8,strong,36,TestBMCFailuresKeepTheirExitCode,85.7,3,4,False,,"Wrapping every error as Usage overrides the Interrupted code promptPassword sets, so exitcode.From returns 2 after Ctrl-C at the prompt. Only the callers' errors.Is(context.Canceled) checks (report, codeOf) restore 130. Select, by contrast, keeps coded errors."
App.RedfishClient,internal/app/bmc.go,184,internal/app,nit,4,3,7,adequate,22,TestRedfishClientCarriesTheVendorResetTypes TestRedfishClientsAreBuiltConcurrently TestBMCHostRefusesWhatItCannotName,80.8,5,8,False,,"The pin-store default (Path(pinStore), else StatePath(""bmc-pins"")) is duplicated in cli/bmc.go:888-891 (bmc forget). If one copy changes, forget and the client disagree about where pins live."
App.noteFirstContact,internal/app/bmc.go,241,internal/app,good,5,3,8,adequate,21,TestFirstContactIsReported,80.0,1,1,False,,
App.IPMIBackend,internal/app/bmc.go,253,internal/app,nit,4,2,6,weak,14,,60.0,2,6,False,,"The credential, which may prompt for a password, is resolved before checking bmc.ipmi.via. With a prompt credential and no via, the administrator types a password only to get a configuration error. Calling Role("""") and then replacing its message is also roundabout."
App.BMCOrder,internal/app/bmc.go,283,internal/app,nit,4,4,8,strong,32,TestBMCOrderIsCheckedAndFallsBack TestBMCKeepsTheVendorProfileForEverySpelling,80.0,1,2,False,,"It returns raw strings, so provision.go:1104 repeats ToLower/TrimSpace on order[0], duplicating BMCTransports without its validation. The hard-coded fallback repeats defaults.yaml bmc.order and runs only for an explicit empty list."
App.BMCTransports,internal/app/bmc.go,296,internal/app,nit,4,4,8,strong,23,TestBMCTransportsRefusesAnUnknownEntry TestBMCOrderIsCheckedAndFallsBack,100.0,4,5,False,,"It re-derives the vendor precedence (InventoryNode, attribute, Vendors[vendor].Order) only to name the setting in the error, duplicating BMCOrder and VendorProfile. A change to the precedence must be made in both places."
App.PreferredBMCTransport,internal/app/bmc.go,320,internal/app,rework,2,2,4,weak,1,TestBMCOrderPrefersRedfish,75.0,0,1,False,upheld,"An invalid order (e.g. 'impi') yields Redfish, which is exactly what BMCTransports refuses so that a misspelt ipmi does not send the BMC account over another protocol. Only TestBMCOrderPrefersRedfish calls it, and provision.go:1104 hand-rolls the same check instead."
App.machineIndex,internal/app/machine.go,31,internal/app,good,5,3,8,adequate,305,TestSelectNamesMachinesNotSpellings TestSelectKeepsAnAmbiguousNameAsWritten,100.0,1,3,False,,
machines.alias,internal/app/machine.go,65,internal/app,bug,2,3,5,adequate,304,TestSelectKeepsAnAmbiguousNameAsWritten,77.8,2,3,False,upheld,"Only exact inventory names are protected. If exe0003 has bmcAddress: exe4, Select(""exe4"") returns exe0003 (verified) while EXE04 returns exe0004. This contradicts machineIndex's stated invariant, so a power action typed as exe4 hits exe0003."
App.machine,internal/app/machine.go,89,internal/app,good,5,4,9,strong,305,TestSelectNamesMachinesNotSpellings,85.7,4,4,False,,
App.protectedHosts,internal/app/machine.go,117,internal/app,nit,4,4,8,strong,301,TestProtectedHostsEntryProtectsTheMachineHoweverItIsWritten TestProtectedHostsEntryThatNamesNoKnownNodeIsRefused TestProtectedHostsEntryMayBeAGroup TestProtectedHostsGroupThatCannotBeResolvedRefusesChanges,88.9,4,6,False,,"It is passed as a.protectedHosts to NewGate's resolve parameter. The name describes a result set, not the resolution of one expression, and sits next to Gate.Protected, which returns every protected host."
App.RemoteFile,internal/app/remote.go,32,internal/app,rework,3,3,6,adequate,29,TestRemoteFileIsCached TestRemoteFileReportsAFailure TestDHCPReadFailureKeepsTheMessage TestDHCPCacheIsKeptPerTarget TestDryRunReadsDHCPForReal,95.0,4,8,False,upheld,"Duplicates runOnRole's failure handling and has drifted (verified with a Recorder). A silent non-zero exit reports `reading /x on dhcp: ""the command failed without saying why""` with no exit code. A coded runner error is re-wrapped as Transport, exit 3 where runOnRole keeps 2."
App.remoteCachePath,internal/app/remote.go,83,internal/app,good,5,4,9,strong,29,TestDHCPCacheIsKeptPerTarget,100.0,,,False,,
App.cacheScope,internal/app/remote.go,96,internal/app,good,5,4,9,strong,307,TestGroupCacheIsKeptPerCluster,100.0,,,False,,
App.RunOnRole,internal/app/remote.go,105,internal/app,good,5,3,8,adequate,25,,100.0,,,True,,
App.ReadOnRole,internal/app/remote.go,112,internal/app,good,5,3,8,adequate,29,,100.0,,,True,,
App.runOnRole,internal/app/remote.go,116,internal/app,nit,4,2,6,weak,39,TestFailedCommandOnARoleIsNotUnreachable,66.7,5,8,False,,"Output cut off at 32 MiB with exit 0 leaves an uncoded result.Err. The error then reads `dhcp: exit 0: ""<first stdout line>""` (verified), and the actual reason is lost."
hasCode,internal/app/remote.go,148,internal/app,good,5,2,7,weak,1,,100.0,0,1,False,,
firstNonEmptyLine,internal/app/remote.go,153,internal/app,nit,4,2,6,weak,3,,80.0,1,1,False,,"A near-duplicate of internal/groups/groups.go:484 firstLine, which does the same in six stdlib lines. The two copies already differ in which whitespace they trim."
splitLines,internal/app/remote.go,164,internal/app,nit,4,2,6,weak,3,,100.0,2,2,False,downgraded,"Reimplements strings.Split and quietly trims each line. Its only caller, firstNonEmptyLine, could iterate strings.SplitSeq directly."
trimSpace,internal/app/remote.go,176,internal/app,nit,4,1,5,incidental,3,,60.0,2,4,False,downgraded,"Shares its name with strings.TrimSpace but behaves differently: it ignores \v, \f and Unicode spaces. A one-call stdlib equivalent exists."
App.Identities,internal/app/secrets.go,32,internal/app,good,5,2,7,weak,1,,85.7,0,2,False,,
App.identityFilesLocked,internal/app/secrets.go,46,internal/app,good,5,3,8,adequate,12,,100.0,2,4,False,,
App.SecretValue,internal/app/secrets.go,60,internal/app,nit,4,4,8,strong,8,TestSecretValueDecryptsWithTheWorkstationIdentities TestSecretValueFallsBackToTheKeysOfSops TestSecretValueSaysWhatWasTried,85.7,3,4,False,,"'Once per process' holds for the CLI, but the MCP server builds a new App for every call (mcpserver/server.go:179), so there it decrypts once per call."
App.SecretValues,internal/app/secrets.go,75,internal/app,good,5,4,9,strong,15,TestSecretValuesAreNotParsedTwice TestSecretValuesThatSopsWouldRetypeAreRefused TestSecretsWithoutATerminalUseOnlyTheWorkstationIdentities,88.0,6,8,False,,
App.Sops,internal/app/secrets.go,117,internal/app,good,5,3,8,adequate,14,,100.0,,,True,,
App.sopsLocked,internal/app/secrets.go,123,internal/app,good,5,3,8,adequate,20,,85.7,1,2,False,,
App.SecretContent,internal/app/secrets.go,139,internal/app,good,5,2,7,weak,6,TestSecretValueDecryptsWithTheWorkstationIdentities,77.8,4,5,False,,
App.checkSiteHosts,internal/app/sitehosts.go,22,internal/app,good,5,3,8,adequate,4,TestReadCommandReachesOnlyTheSitesHosts,94.4,4,7,False,,
inDomains,internal/app/sitehosts.go,53,internal/app,good,5,3,8,adequate,1,,100.0,3,3,False,,
App.Slurm,internal/app/slurm.go,13,internal/app,good,5,3,8,adequate,43,,71.4,2,4,False,,
newBMCCommand,internal/cli/bmc.go,30,internal/cli,good,5,3,8,adequate,339,,100.0,,,True,,
bmcSet,internal/cli/bmc.go,57,internal/cli,good,4,2,6,weak,41,TestBMCRefusesANodeWithoutAServiceProcessorName,100.0,4,4,False,,8 of 9 callers discard bmcs and call this only for its refusal side effect. The name hides that intent.
newBMCStatusCommand,internal/cli/bmc.go,69,internal/cli,good,5,4,9,strong,339,,90.9,,,True,,
newBMCPowerCommand,internal/cli/bmc.go,93,internal/cli,good,5,4,9,strong,339,TestBMCPowerChecksTheActionFirst TestBMCPowerCycleIsBatched TestBMCPowerOnReportsEveryBatch TestBMCPowerOverIPMIReportsEveryNode TestBMCPowerGroupsTheSetByAccount TestBMCPowerUsesTheInventoryAddress,97.1,6,8,False,,
confirmResolved,internal/cli/bmc.go,184,internal/cli,good,4,3,7,adequate,23,,85.7,5,6,False,,
powerBatching,internal/cli/bmc.go,199,internal/cli,good,5,4,9,strong,37,TestBMCPowerOnReportsEveryBatch TestBMCPowerCycleIsBatched,88.9,3,5,False,,
bmcPowerState,internal/cli/bmc.go,220,internal/cli,good,4,4,8,strong,4,TestBMCOrderIsCheckedAndFallsBack TestBMCActionThatReachedTheProcessorIsNotSentAgain,83.3,4,5,False,,The name suggests it returns power states. It prints them and returns the command's error.
resetTypeFor,internal/cli/bmc.go,232,internal/cli,good,5,1,6,incidental,5,,42.9,0,1,False,,
addLoseJobsFlag,internal/cli/bmc.go,252,internal/cli,good,5,3,8,adequate,339,,100.0,,,True,,
checkSlurmIdle,internal/cli/bmc.go,269,internal/cli,nit,4,4,8,strong,36,TestSlurmCheckIsOnForAFreshConfiguration TestSlurmCheckSaysWhenItIsOff TestSlurmCheckRefusesEveryBusyState TestSlurmCheckRefusesNodesSlurmDidNotReport TestSlurmCheckRefusesWhenSlurmCannotBeAsked TestForceDoesNotLoseJobs TestSlurmCheckRunsInADryRun TestRedfishPostResetChecksSlurm TestSlurmCheckCoversLongHostLists,92.3,7,8,False,,action is used as a sentinel: provision and redfish post pass ipmi.ActionReset only to force the check. The exemption belongs to bmc power.
plural2,internal/cli/bmc.go,309,internal/cli,nit,4,1,5,incidental,8,,66.7,,,True,downgraded,"'plural2' does not say it returns a verb form, and the 2 suffix only avoids a clash with hostkey.go's plural. internal/slurm/slurm.go:539 names the same thing isAre."
slurmJobState.idle,internal/cli/bmc.go,328,internal/cli,good,5,4,9,strong,25,,100.0,,,True,,
slurmJobState.String,internal/cli/bmc.go,333,internal/cli,good,5,2,7,weak,9,,100.0,2,3,False,,
slurmJobs,internal/cli/bmc.go,360,internal/cli,nit,4,2,6,weak,26,TestSlurmCheckRefusesNodesSlurmDidNotReport TestSlurmCheckCoversLongHostLists TestSlurmCheckRunsInADryRun TestSlurmCheckRefusesWhenSlurmCannotBeAsked,91.7,3,8,False,,The name suggests a job query (squeue). It classifies node states from sinfo.
classifySlurmState,internal/cli/bmc.go,444,internal/cli,good,5,4,9,strong,24,TestSlurmCheckRefusesEveryBusyState,100.0,1,1,False,,
newBMCBootCommand,internal/cli/bmc.go,465,internal/cli,nit,4,2,6,weak,339,,59.1,1,8,False,,`clear :=` shadows Go's builtin clear and differs from the command name 'unset'.
newBMCRedfishCommand,internal/cli/bmc.go,590,internal/cli,bug,2,2,4,weak,339,TestRedfishPostResetChecksSlurm,73.2,3,8,False,upheld,"Verified with BMC_PASSWORD unset: `--dry-run bmc redfish post /x '{}' -n exe0001` previews and exits 0, while the real run exits 2 on the missing credential. This breaks doc/safety.md ('exits zero only when the real run would go ahead')."
resetsHost,internal/cli/bmc.go,711,internal/cli,nit,4,3,7,adequate,1,,100.0,,,True,,The doc says it tells whether a POST 'may power a machine off'. Power-button actions such as HPE's HpeComputerSystemExt.PowerButton power off without 'reset' in the path and skip the Slurm check.
redfishRequest,internal/cli/bmc.go,715,internal/cli,good,4,2,6,weak,1,,75.0,3,8,False,,
jsonOut,internal/cli/bmc.go,741,internal/cli,nit,4,1,5,incidental,1,,71.4,0,5,False,,"The name promises JSON, but machine formats such as yaml or jsonpath are honoured. json.MarshalIndent also turns '<' in a Redfish message into < on the terminal."
newBMCWebCommand,internal/cli/bmc.go,753,internal/cli,nit,4,2,6,weak,339,TestBMCWebSelectsTheNode TestBMCWebPrintsTheURL,68.4,2,8,False,,"CommandContext kills the child when a.Context() ends. main's stop() cancels it just before os.Exit, which races with killing a browser (or xdg-open) that should outlive clusterctl."
newBMCPingCommand,internal/cli/bmc.go,789,internal/cli,bug,2,2,4,weak,339,TestBMCPingReadsTheSweepCarefully,79.1,3,8,False,upheld,"Verified: `--dry-run bmc ping -n exe[0001-0002]` sends nothing, prints '0 of 2 answered' and exits 1. doc/safety.md says read-only lookups run for real in a dry run."
newBMCForgetCommand,internal/cli/bmc.go,870,internal/cli,nit,4,4,8,strong,339,TestBMCForgetGoesThroughTheGate TestBMCForgetRemovesAPin,83.3,6,8,False,,"The pin-store path default is copied from app/bmc.go:213-216. If one side changes, forget would edit a different file than the Redfish client pins to, and no test uses the default path."
pinsToForget,internal/cli/bmc.go,933,internal/cli,bug,2,3,5,adequate,2,TestBMCForgetGoesThroughTheGate TestBMCForgetRemovesAPin,79.4,4,8,False,upheld,Verified: `bmc forget -y -n exe0001 exe0008.mgmt.hpc.example.org` forgets only exe0008 and exits 0. With the arg 'exe0008' the same line is a usage error. An explicit -n selection is dropped silently.
recordedPin,internal/cli/bmc.go,994,internal/cli,good,5,2,7,weak,2,,85.7,4,5,False,,
nodeOfBMC,internal/cli/bmc.go,1010,internal/cli,good,5,3,8,adequate,1,,62.5,1,3,False,,
newPDUCommand,internal/cli/bmc.go,1025,internal/cli,good,5,3,8,adequate,339,,100.0,,,True,,
pduHost,internal/cli/bmc.go,1034,internal/cli,good,4,3,7,adequate,1,,85.7,1,3,False,,
newPDUShellCommand,internal/cli/bmc.go,1047,internal/cli,bug,2,1,3,incidental,339,,4.5,0,8,False,upheld,Spec.BMC.PDU.Credential is read nowhere in the code. A site with bmc.pdu.credential naming a credential with username 'apc' still connects as admin@pdu…
newPDUListCommand,internal/cli/bmc.go,1086,internal/cli,nit,4,3,7,adequate,339,TestPDUListDerivesTheNames,84.6,3,5,False,,"Verified: rack 'Alpha' lists as 'pduAlpha-Alpha.mgmt.example.org', not without a row as the help says."
rowOf,internal/cli/bmc.go,1114,internal/cli,nit,4,2,6,weak,1,,71.4,3,4,False,downgraded,"The doc does not say the row is the first digit ('R02' gives '0'). The manual lists R02 as pdu0-R02 but shows `pdu shell 1 R02` for the same rack. With no digits the rack doubles as the row, which contradicts the pdu list help."
bmcResult.fail,internal/cli/bmcpower.go,58,internal/cli,good,5,4,9,strong,8,,100.0,,,True,,
redfishClients,internal/cli/bmcpower.go,72,internal/cli,good,5,3,8,adequate,1,TestBMCFailuresKeepTheirExitCode,100.0,2,2,False,,
redfishEach,internal/cli/bmcpower.go,109,internal/cli,nit,4,4,8,strong,12,TestAPanicOnOneProcessorFailsOnlyThatNode TestBMCInterruptedResetIsReportedAsUnknown TestBMCInterruptInFlightExits130,91.7,5,6,False,,"The do callback takes (ctx, node string, client). Every caller (bmc.go:502,529,552,668,721; provision.go:1221,1522; bmcpower.go:595,609) names the string '_'."
redfishCall[T].send,internal/cli/bmcpower.go,147,internal/cli,good,5,4,9,strong,12,TestAPanicOnOneProcessorFailsOnlyThatNode,100.0,2,2,False,,
interruptedState,internal/cli/bmcpower.go,162,internal/cli,good,5,4,9,strong,1,TestBMCInterruptedResetIsReportedAsUnknown TestBMCInterruptInFlightExits130,100.0,,,True,,
errNotSent,internal/cli/bmcpower.go,173,internal/cli,good,4,4,8,strong,1,TestBMCInterruptedResetIsReportedAsUnknown,100.0,,,True,,
bmcError,internal/cli/bmcpower.go,178,internal/cli,nit,4,3,7,adequate,10,TestBMCInterruptedResetIsReportedAsUnknown TestBMCInterruptInFlightExits130 TestBMCFailuresKeepTheirExitCode,90.0,5,7,False,,"The name reads as a constructor or type, not as a classification. At call sites, call.err = bmcError(ctx, err, changes) does not show that the error may be recoded as Interrupted or Transport."
bmcUnreachable,internal/cli/bmcpower.go,199,internal/cli,nit,4,2,6,weak,3,,60.0,0,4,False,,"The doc says 'resolved, reached or trusted', but the function also counts EOF, ErrUnexpectedEOF and ECONNRESET: a processor that was reached but not heard to the end."
neverSent,internal/cli/bmcpower.go,228,internal/cli,good,5,4,9,strong,5,TestBMCOrderIsCheckedAndFallsBack TestBMCActionThatReachedTheProcessorIsNotSentAgain TestAChangedCertificateIsOneFailureInEveryCommand,100.0,2,2,False,,
callResults,internal/cli/bmcpower.go,240,internal/cli,nit,4,4,8,strong,6,TestBMCInterruptedResetIsReportedAsUnknown TestAPanicOnOneProcessorFailsOnlyThatNode,100.0,2,3,False,downgraded,"A call with a nil client has sent=false and err=nil (redfishEach L122-123), so r.fail(c.err) dereferences nil and panics. It would also be counted as interrupted (exit 130). No current caller combines the two; provision status uses nil clients."
printBMCResults,internal/cli/bmcpower.go,267,internal/cli,good,5,2,7,weak,18,TestBMCPowerOverIPMIReportsEveryNode TestBMCPowerOnReportsEveryBatch,83.3,2,5,False,,
bmcExit,internal/cli/bmcpower.go,290,internal/cli,good,5,4,9,strong,18,TestBMCPowerOnReportsEveryBatch TestBMCInterruptedResetIsReportedAsUnknown TestBMCPowerOverIPMIReportsEveryNode TestBMCFailuresKeepTheirExitCode,100.0,6,8,False,,
codeOf,internal/cli/bmcpower.go,348,internal/cli,nit,4,3,7,adequate,8,TestBMCFailuresKeepTheirExitCode,100.0,1,1,False,,"The same cancel-to-130 mapping is duplicated in provision.go:1398-1401 and helpers.go:157, so the policy can drift between fan-outs."
rank,internal/cli/bmcpower.go,356,internal/cli,nit,4,3,7,adequate,7,TestBMCFailuresKeepTheirExitCode TestBMCPowerOverIPMIReportsEveryNode,80.0,,,False,,Duplicates codeWeight in provision.go:1412. The two orderings must be kept in step by hand.
bmcFailures.Error,internal/cli/bmcpower.go,376,internal/cli,nit,4,4,8,strong,2,TestBMCPowerOnReportsEveryBatch,100.0,,,True,,"bmcFailures has the same fields and methods as hostFailures, which namedFailures already reuses for provision."
bmcFailures.Unwrap,internal/cli/bmcpower.go,378,internal/cli,good,4,1,5,incidental,7,,100.0,,,True,,
planBMC,internal/cli/bmcpower.go,393,internal/cli,good,5,4,9,strong,33,TestBMCKeepsTheVendorProfileForEverySpelling TestBMCPowerUsesTheInventoryAddress TestBMCOrderIsCheckedAndFallsBack,85.7,4,6,False,,
transportTitle,internal/cli/bmcpower.go,421,internal/cli,good,5,4,9,strong,32,TestBMCActionThatReachedTheProcessorIsNotSentAgain,100.0,,,True,,
bmcPlan.describe,internal/cli/bmcpower.go,430,internal/cli,good,5,2,7,weak,32,TestBMCPowerGroupsTheSetByAccount TestBMCKeepsTheVendorProfileForEverySpelling,100.0,2,3,False,,
bmcPlan.resolve,internal/cli/bmcpower.go,461,internal/cli,good,5,2,7,weak,22,TestBMCFailuresKeepTheirExitCode,85.7,0,4,False,,
bmcPlan.client,internal/cli/bmcpower.go,477,internal/cli,nit,4,4,8,strong,10,TestBMCFailuresKeepTheirExitCode,100.0,3,3,False,,"No doc comment. That it caches, and wraps the error with the node name, is left to the reader. The build and wrap duplicate redfishClients."
bmcPlan.backend,internal/cli/bmcpower.go,491,internal/cli,good,5,4,9,strong,14,TestBMCPowerGroupsTheSetByAccount TestBMCKeepsTheVendorProfileForEverySpelling,87.5,2,3,False,,
bmcPlan.run,internal/cli/bmcpower.go,509,internal/cli,good,5,4,9,strong,18,TestBMCOrderIsCheckedAndFallsBack TestBMCActionThatReachedTheProcessorIsNotSentAgain TestAChangedCertificateIsOneFailureInEveryCommand,96.7,6,6,False,,
mayFallBack,internal/cli/bmcpower.go,558,internal/cli,good,5,4,9,strong,4,TestBMCOrderIsCheckedAndFallsBack TestBMCActionThatReachedTheProcessorIsNotSentAgain TestAChangedCertificateIsOneFailureInEveryCommand TestBMCInterruptedResetIsReportedAsUnknown,100.0,4,6,False,,
bmcPlan.runRedfish,internal/cli/bmcpower.go,576,internal/cli,nit,4,3,7,adequate,6,TestBMCInterruptedResetIsReportedAsUnknown TestAPanicOnOneProcessorFailsOnlyThatNode TestAChangedCertificateIsOneFailureInEveryCommand,65.4,5,8,False,,"resetTypeFor is checked after clients are built, and its per-node failure rows copy the construction in L585-587. The branch cannot be reached, since CheckAction ran first."
bmcPlan.runIPMI,internal/cli/bmcpower.go,616,internal/cli,nit,4,2,6,weak,14,TestBMCPowerGroupsTheSetByAccount TestBMCPowerOverIPMIReportsEveryNode TestBMCPowerUsesTheInventoryAddress TestBMCInterruptInFlightExits130,66.7,3,8,False,,"The 'changes' condition is spelled out four times, and the function mixes grouping, per-account sending and row assembly in one body."
batched,internal/cli/bmcpower.go,700,internal/cli,good,5,4,9,strong,17,TestBMCPowerCycleIsBatched TestBMCPowerOnReportsEveryBatch,100.0,,,True,,
runPower,internal/cli/bmcpower.go,711,internal/cli,bug,2,4,6,strong,17,TestBMCPowerCycleIsBatched TestBMCPowerOnReportsEveryBatch,92.9,5,7,False,upheld,"bmc power on --ipmi --batch 3 -n exe[1-10], with SIGINT during batch 1: exe[1-3] read 'outcome unknown'. But exe[4-10] get outcomeNotTried, state 'not tried' and error 'not tried: an earlier batch failed', and the summary says '7 not tried', although no batch failed."
newBootCommand,internal/cli/boot.go,26,internal/cli,good,5,4,9,strong,339,,100.0,,,True,,
nodeAddress,internal/cli/boot.go,52,internal/cli,good,5,4,9,strong,34,TestBootAddressesAreCheckedBeforeAnythingIsSent TestBootSetIgnoresACommentThatNamesTheNode TestBootSetTakesTheAddressOfTheNodesOwnDeclaration,87.5,5,7,False,,"The not-an-IP refusal never runs. The cases written for it ('10.0.2.2/24', '../../etc/x', a DHCP host name) are refused earlier by the inventory loader or dhcp.BootAddress, so deleting this guard would pass every test."
nodeAddresses,internal/cli/boot.go,86,internal/cli,bug,2,2,4,weak,29,TestBootAddressesAreCheckedBeforeAnythingIsSent,88.9,3,6,False,upheld,"Verified: dhcpd.conf gives exe0005 and exe0006 the fixed-address 10.0.9.1, and neither is in the inventory. `boot set -n exe0005 -y` succeeds and links 10.0.9.1, which arms exe0006 as well. The doc says such a set is refused."
sharedAddress,internal/cli/boot.go,114,internal/cli,nit,4,0,4,none,0,,0.0,,,True,,"The name does not say it builds an error. With three same-typed parameters, a caller could swap the address and a node name unnoticed."
pxeRole,internal/cli/boot.go,121,internal/cli,good,5,3,8,adequate,35,,75.0,1,2,False,,
pxeRoot,internal/cli/boot.go,131,internal/cli,good,5,3,8,adequate,32,,66.7,,,True,,
resolveBootLinks,internal/cli/boot.go,162,internal/cli,good,5,4,9,strong,27,TestBootSetUsesTheClusterRules TestBootSetHonoursAStaticRule TestBootSetPersistentNeedsAStaticSuffix,95.2,7,8,False,,
linkName,internal/cli/boot.go,197,internal/cli,good,5,4,9,strong,15,TestBootSetPersistentNeedsAStaticSuffix TestBootSetUsesTheClusterRules,100.0,1,1,False,,
describeBootLinks,internal/cli/boot.go,208,internal/cli,good,5,4,9,strong,22,TestBootSetPreviewListsEveryPath TestReinstallPreviewListsEveryBootPath,100.0,2,2,False,,
checkBootLinks,internal/cli/boot.go,241,internal/cli,good,5,3,8,adequate,24,TestBootSetRefusesAMissingBootPath TestBootSetDryRunChecksThePXEHost TestBootSetRefusesOverAPersistentLink,93.9,5,8,False,,
readBootLinks,internal/cli/boot.go,301,internal/cli,good,5,3,8,adequate,11,TestBootStatusReadsTheLinksOnce TestBootStatusShowsThePersistentLink,100.0,3,3,False,,"The pxeHost fake answers any `find` itself and ignores its flags, and the other tests return canned stdout. A regression in -maxdepth, -type l or the -printf format would break real hosts and pass every test."
writeBootLinks,internal/cli/boot.go,351,internal/cli,good,5,4,9,strong,15,TestBootSetAndUnsetReportEachNode TestBootSetUsesTheClusterRules,100.0,1,1,False,,
removeBootLinks,internal/cli/boot.go,362,internal/cli,good,5,4,9,strong,5,TestBootUnsetRemovesThePersistentLink TestBootSetAndUnsetReportEachNode,100.0,2,2,False,,
runLinkScript,internal/cli/boot.go,376,internal/cli,nit,4,3,7,adequate,16,TestBootSetAndUnsetReportEachNode,83.3,5,8,False,,"The only helper here without a doc comment, and it carries the least obvious contract: the ok/fail line format, 'unknown' as the default, and when runErr is kept or dropped."
fold,internal/cli/boot.go,432,internal/cli,good,5,3,8,adequate,16,,100.0,,,False,,
newBootStatusCommand,internal/cli/boot.go,440,internal/cli,rework,3,3,6,adequate,339,TestBootStatusShowsThePersistentLink TestBootStatusReadsTheLinksOnce TestBootStatusReportsUnknownNodes,78.2,4,8,False,upheld,"Verified: `boot status` with six links printed its rows in different orders on consecutive runs, because it ranges over a Go map. The NODE column is always empty, although the inventory could map addresses to nodes. The help text does not describe this mode."
orNone,internal/cli/boot.go,530,internal/cli,good,5,4,9,strong,5,,100.0,,,True,,
newBootSetCommand,internal/cli/boot.go,537,internal/cli,good,5,4,9,strong,339,TestBootSetUsesTheClusterRules TestBootSetAndUnsetReportEachNode TestBootSetPersistentNeedsAStaticSuffix TestBootSetHonoursAStaticRule TestBootSetRefusesAMissingBootPath TestBootSetDryRunChecksThePXEHost TestBootSetPreviewListsEveryPath TestBootSetRefusesOverAPersistentLink,91.2,7,8,False,,
resultText,internal/cli/boot.go,612,internal/cli,good,5,2,7,weak,9,,100.0,,,True,,
newBootUnsetCommand,internal/cli/boot.go,619,internal/cli,good,5,3,8,adequate,339,TestBootUnsetRemovesThePersistentLink TestBootSetAndUnsetReportEachNode TestBootUnsetResolvesBeforeTheGate,81.5,5,8,False,,"TestBootUnsetResolvesBeforeTheGate adds '10.0.2.2/24' to the inventory, which the loader rejects before RunE runs. Lines 646-648 are uncovered, so moving nodeAddresses after Confirm would still pass."
newBootListCommand,internal/cli/boot.go,672,internal/cli,good,5,1,6,incidental,339,,5.6,0,6,False,,"The RunE never runs in any test (5.6%). The find expression, the default path and the output shape are all unverified."
newBootSyncCommand,internal/cli/boot.go,707,internal/cli,good,5,3,8,adequate,339,TestBootSyncGoesThroughTheGate TestInfrastructureOutputIsEscaped,73.7,5,8,False,,
newBootLogCommand,internal/cli/boot.go,757,internal/cli,good,5,3,8,adequate,339,TestBootLogBoundsTheLines TestInfrastructureOutputIsEscaped,80.0,4,8,False,,
newBootShellCommand,internal/cli/boot.go,796,internal/cli,good,5,1,6,incidental,339,,33.3,,,True,,
newBootGrubCommand,internal/cli/boot.go,805,internal/cli,bug,2,3,5,adequate,339,TestBootGrubSetSaysItPersistsAndCanBeUnset TestBootGrubShowsTheHexadecimalName,70.0,4,8,False,upheld,"Verified: `boot grub show EXE0001` and `boot grub show exe0001.hpc.example.org` fail with 'no address is known', yet `boot grub set` accepts both. `show exe[1-2]` says 'no address is known' instead of 'name one', and `show exe1` prints 'exe1' instead of exe0001."
grubLink,internal/cli/boot.go,905,internal/cli,bug,2,3,5,adequate,1,TestBootGrubSetSaysItPersistsAndCanBeUnset,68.4,4,8,False,upheld,"Verified: with CLUSTERCTL_NODES=exe0001, `boot grub unset """" -y` removed /srv/tftp/grub/grub.cfg-0A000201. `grub set """" TARGET -y` would link exe0001 persistently. `node groups """"` refuses with 'no node was named', because it uses oneNode."
singleNode,internal/cli/boot.go,933,internal/cli,nit,4,3,7,adequate,3,,100.0,,,True,,"The parse error is dropped. In sync (line 735) target.Host comes from the role config. If it failed to parse, the error would be the misleading 'no hosts were selected' instead of the real cause. No doc comment."
addressToHex,internal/cli/boot.go,941,internal/cli,good,5,3,8,adequate,2,TestBootGrubShowsTheHexadecimalName,71.4,2,4,False,,
newConfigCommand,internal/cli/config.go,24,internal/cli,good,5,3,8,adequate,339,,100.0,,,True,,
newConfigInitCommand,internal/cli/config.go,42,internal/cli,good,5,4,9,strong,339,TestConfigInitWritesAConfigurationThatResolves TestConfigInitDryRunWritesNothing TestConfigInitRejectsWhatCannotBeWritten TestConfigInitRefusesADirectoryThatIsNotEmpty TestConfigInitSaysHowToReadAnotherDirectory TestConfigInitFailsWithUsageLocally,90.6,6,8,False,,
initDir,internal/cli/config.go,116,internal/cli,good,5,3,8,adequate,17,TestConfigInitDefaultsToTheUserConfigDirectory TestConfigInitWritesWhereConfigPoints TestConfigInitWritesWhereTheEnvironmentPoints TestConfigInitRefusesSeveralPlaces TestConfigInitRefusesToShadowTheSearchPath,86.4,4,8,False,,
nonBlank,internal/cli/config.go,169,internal/cli,good,5,2,7,weak,5,,100.0,1,1,False,,
refuseNonEmpty,internal/cli/config.go,186,internal/cli,nit,4,4,8,strong,16,TestConfigInitRefusesADirectoryThatIsNotEmpty TestConfigInitRefusesADirectoryOthersCanWrite TestConfigInitRefusesAnotherUsersDirectory,94.7,6,8,False,,"The call site `refuseNonEmpty(dir)` hides that this is also config init's only ownership and permission check (CheckTrusted, refuseUntrustedParent). A reader of RunE would think the trust check is missing."
refuseUntrustedParent,internal/cli/config.go,221,internal/cli,good,5,4,9,strong,12,TestConfigInitRefusesADirectoryOthersCanWrite,88.9,3,5,False,,
writeScaffold,internal/cli/config.go,240,internal/cli,good,5,3,8,adequate,11,,69.2,3,5,False,,
initNextSteps,internal/cli/config.go,266,internal/cli,good,5,4,9,strong,11,TestConfigInitSaysHowToReadAnotherDirectory,100.0,1,1,False,,
searched,internal/cli/config.go,280,internal/cli,nit,4,4,8,strong,11,,90.0,5,6,False,,"The TrimSpace-and-skip-blank loop repeats nonBlank (L169-177), which initDir uses on the same r.configFiles."
newConfigViewCommand,internal/cli/config.go,297,internal/cli,good,5,2,7,weak,339,TestConfigViewPrintsTheMergedConfiguration,100.0,5,8,False,,
newConfigValidateCommand,internal/cli/config.go,342,internal/cli,good,5,4,9,strong,339,TestConfigValidateAcceptsTheExample TestConfigInitWritesAConfigurationThatResolves,100.0,5,6,False,,
newConfigContextsCommand,internal/cli/config.go,381,internal/cli,good,5,2,7,weak,339,TestConfigContextsMarksTheCurrentOne,90.9,2,4,False,,
newConfigUseContextCommand,internal/cli/config.go,402,internal/cli,good,5,3,8,adequate,339,TestConfigUseContextExplainsWhatToChange TestConfigUseContextQuotesTheName,66.7,3,6,False,,
newConfigExplainCommand,internal/cli/config.go,438,internal/cli,good,5,4,9,strong,339,TestConfigExplainNamesTheLayerAndLine TestConfigExplainCoversFlagsAndContexts TestDottedKeysStayOneKey,90.0,4,5,False,,
explainTable,internal/cli/config.go,469,internal/cli,nit,4,3,7,adequate,8,TestConfigExplainNamesTheLayerAndLine TestConfigExplainCoversFlagsAndContexts,100.0,1,2,False,,The file:line:col 'where' formatting duplicates newConfigViewCommand L328-331. A change to one (such as escaping the file name) would not reach the other.
newConfigSchemaCommand,internal/cli/config.go,484,internal/cli,bug,2,2,4,weak,339,TestConfigSchemaIsUsableByAnEditor,56.2,2,6,False,upheld,"The help says 'Without an argument every kind is printed as one object keyed by kind', but the output is '// Config\n{...}\n// Site\n{...}'. That is not valid JSON: `clusterctl config schema | jq .Site` fails, and Python json.load errors at char 0 (verified)."
nearestPaths,internal/cli/config.go,519,internal/cli,nit,4,1,5,incidental,1,,50.0,0,3,False,,"Callers get a sentence (L527, L533), not paths. 'Nearest' promises similarity, but only prefix relations match (L522), so a misspelled leaf falls through to the generic hint."
newCopyCommand,internal/cli/copy.go,28,internal/cli,nit,4,2,6,weak,339,TestCopyDownloadsEachNodeIntoItsOwnDirectory TestCopyRunsNodesInParallel TestCopyGivesUpOnAStalledTransfer TestCopyRefusesShellSyntaxInRemotePaths TestCopyRequiresADirectoryWhenDownloadingFromMany,81.8,3,8,False,,"When --user and --root are both given, --root silently wins. The override loop is a copy of exec.go L105-111."
copyRunner.Run,internal/cli/copy.go,187,internal/cli,good,5,4,9,strong,3,TestCopyGivesUpOnAStalledTransfer,88.9,2,3,False,,
checkRemotePath,internal/cli/copy.go,205,internal/cli,good,5,4,9,strong,5,TestCopyRefusesShellSyntaxInRemotePaths,100.0,2,2,False,,
newDHCPCommand,internal/cli/dhcp.go,22,internal/cli,good,5,3,8,adequate,339,,100.0,,,True,,
dhcpConfig,internal/cli/dhcp.go,43,internal/cli,good,5,4,9,strong,27,TestDHCPReadFailureKeepsTheMessage TestDHCPHostsRefusesAHostInsideAHost TestDHCPHostsFollowsInclude TestDHCPCacheIsKeptPerTarget,86.7,5,6,False,,
newDHCPHostsCommand,internal/cli/dhcp.go,68,internal/cli,good,5,3,8,adequate,339,TestDHCPHostsUsesTheParsedConfiguration TestDHCPHostsMarksACommentMatch TestDHCPHostsFollowsInclude TestDHCPHostsRefusesAHostInsideAHost,82.8,4,8,False,,
newDHCPConfigCommand,internal/cli/dhcp.go,135,internal/cli,good,5,1,6,incidental,339,,8.3,0,6,False,,
newDHCPLeasesCommand,internal/cli/dhcp.go,162,internal/cli,bug,2,3,5,adequate,339,TestDHCPLogQuotesTheLogPath TestDHCPLogAndCaptureRejectUnboundedArguments TestDHCPLogEscapesControlCharacters,81.8,6,8,False,upheld,"`grep … -- PATH | tail -n N` returns tail's status (verified exit=0 on a missing file), and grep's stderr is dropped. A default /var/log/syslog that doesn't exist (journald-only Debian 12, or RHEL) prints a blank line, which looks like no DHCP traffic."
newDHCPShellCommand,internal/cli/dhcp.go,205,internal/cli,good,5,1,6,incidental,339,,33.3,,,True,,
newDHCPCaptureCommand,internal/cli/dhcp.go,214,internal/cli,bug,2,2,4,weak,339,TestDHCPLogAndCaptureRejectUnboundedArguments,24.1,2,8,False,upheld,"Nothing caps --seconds, and time.Duration(seconds)*time.Second overflows. --seconds 10000000000 gives a negative Timeout, so RemoteCommand drops the `timeout` wrapper and root tcpdump runs with no limit (verified with --dry-run). That is the case the L227-228 comment says the check prevents."
roleShell,internal/cli/dhcp.go,275,internal/cli,bug,2,0,2,none,0,,0.0,,,False,upheld,"Words before -- are silently dropped: `clusterctl dhcp shell uptime` opens an interactive login instead of running uptime (verified with --dry-run). login.go fixed exactly this ('A second word used to be dropped'), and this function also serves boot shell and cinc shell."
newDNSCommand,internal/cli/dns.go,27,internal/cli,good,5,3,8,adequate,339,,100.0,,,True,,
newDNSClient,internal/cli/dns.go,60,internal/cli,nit,4,2,6,weak,4,,50.0,2,5,False,,"When resolvConfServers fails (file missing or permission denied), its error is dropped, and the message claims /etc/resolv.conf 'lists none'. That points the user at the wrong cause."
dnsServerAddress,internal/cli/dns.go,80,internal/cli,good,5,4,9,strong,4,TestDNSServerTakesAnIPv6Address,100.0,5,5,False,,
resolvConfServers,internal/cli/dns.go,95,internal/cli,good,5,0,5,none,0,,0.0,,,False,,"Never executed. The default resolver path of both dns commands has no test, even though resolvConf is a package variable meant to be overridden."
dnsClient.lookupHost,internal/cli/dns.go,117,internal/cli,nit,4,3,7,adequate,4,TestDNSLookupShowsTheChainOfAliases,90.9,4,8,False,,"A non-NXDOMAIN failure of one type drops the chain and the addresses the other type already returned. For example, a server that times out or SERVFAILs on AAAA hides working A records behind 'no answer'."
dnsClient.lookupAddr,internal/cli/dns.go,154,internal/cli,good,5,2,7,weak,1,TestDNSAliasesAskTheServerAndNotTheHostsFile,78.6,2,6,False,,
followCNAMEs,internal/cli/dns.go,179,internal/cli,good,5,4,9,strong,3,TestDNSLookupShowsTheChainOfAliases,100.0,2,4,False,,
absolute,internal/cli/dns.go,198,internal/cli,nit,4,3,7,adequate,4,,100.0,1,1,False,,"The helper is undocumented and has a generic name in a large package. The identically named absolute in internal/app works on file paths, which invites misuse from other cli files."
sameName,internal/cli/dns.go,205,internal/cli,good,5,2,7,weak,3,,100.0,,,True,,
reverseName,internal/cli/dns.go,208,internal/cli,good,5,4,9,strong,2,TestReverseNames,92.9,3,4,False,,
dnsClient.query,internal/cli/dns.go,230,internal/cli,good,5,2,7,weak,4,,79.2,3,8,False,,
dnsClient.exchange,internal/cli/dns.go,274,internal/cli,nit,4,2,6,weak,4,,52.8,4,8,False,,"The network string selects between two disjoint implementations, and id and question are passed alongside the packed bytes they came from. The TCP half also lacks the friendly timeout message the UDP half gives."
checkAnswer,internal/cli/dns.go,329,internal/cli,good,5,2,7,weak,3,,66.7,4,6,False,,
newDNSLookupCommand,internal/cli/dns.go,350,internal/cli,nit,4,4,8,strong,339,TestDNSLookupShowsTheChainOfAliases TestDNSLookupBMCTakesTheInventoryAddress TestDNSServerTakesAnIPv6Address,88.1,6,8,False,,"In -o json, failed names are absent and there is no node field. A consumer cannot map a node to its host or see why one failed, and two nodes sharing a bmcAddress collapse into one entry."
newDNSAliasesCommand,internal/cli/dns.go,438,internal/cli,bug,2,3,5,adequate,339,TestDNSAliasesAskTheServerAndNotTheHostsFile,80.5,4,8,False,upheld,"If the PTR query fails (SERVFAIL, timeout), -o json shows ""hosts"": [], the same as having no PTR, and the command exits 0. Verified with a fake server answering PTR with SERVFAIL. A script watching pool membership silently sees an empty pool."
newDoctorCommand,internal/cli/doctor.go,40,internal/cli,good,5,4,9,strong,339,TestDoctorHonoursTheOutputFormatWithoutAConfiguration TestDoctorReportsWhatItChecked,94.4,5,6,False,,
localChecks,internal/cli/doctor.go,86,internal/cli,nit,4,2,6,weak,7,TestDoctorOpensTheIdentities,80.4,2,8,False,,"App construction already ran EnsureDir on the same directories and fails first, so the directory check's failure branch cannot run and it always says ok. The sshuttle default duplicates tunnel.go:108 and can drift."
remoteTools,internal/cli/doctor.go,195,internal/cli,good,5,3,8,adequate,3,,90.9,1,1,False,,
ipmiBinary,internal/cli/doctor.go,213,internal/cli,nit,4,4,8,strong,3,TestDoctorChecksTheConfiguredIPMIBackend TestDoctorFindsTheBackendAtItsPath,71.4,2,3,False,,"This copies ipmi.backend() and the /usr/bin/ipmitool and /usr/sbin/ipmipower defaults (ipmi.go:113,208,239). Changing a default there leaves doctor checking the wrong path."
toolCheck,internal/cli/doctor.go,229,internal/cli,nit,4,3,7,adequate,3,TestDoctorChecksTheConfiguredIPMIBackend TestDoctorFindsTheBackendAtItsPath,100.0,1,1,False,,"In this file check is the result type, and sshConfigCheck returns one; toolCheck returns script text. Callers have to read the body to tell the difference."
readableFile,internal/cli/doctor.go,240,internal/cli,nit,4,4,8,strong,7,TestDoctorOpensTheIdentities,90.9,4,6,False,,'readableFile(p)' does not read as a check at the call site 'if err := readableFile(p)'.
sshConfigCheck,internal/cli/doctor.go,261,internal/cli,good,5,3,8,adequate,7,TestDoctorReportsWhatSSHSaysAboutItsConfiguration,87.0,3,4,False,,
nonEmptyLines,internal/cli/doctor.go,295,internal/cli,good,5,3,8,adequate,1,,100.0,1,1,False,,
remoteChecks,internal/cli/doctor.go,305,internal/cli,bug,2,3,5,adequate,3,TestDoctorDryRunChecksTheRoles,84.4,4,8,False,upheld,"Client.Run returns remote failures as a Result with Err set and a nil error. A tool script that fails with empty stdout (bash missing gives exit 127, timeout(1) fired, connection dropped) is reported as 'ok, N programs present'. Verified with a Recorder returning exit 127."
printChecks,internal/cli/doctor.go,367,internal/cli,nit,4,2,6,weak,10,,82.4,2,6,False,downgraded,"Two of the four parameters are dead in the main path, and a nil pointer acts as a mode flag. A caller passing a different format with a non-nil App would be silently ignored."
sshVersion,internal/cli/doctor.go,397,internal/cli,nit,4,1,5,incidental,1,,75.0,0,1,False,,"exec.Command ignores a.Context() and has no timeout, so an ssh.binary wrapper that hangs on -V hangs doctor and cannot be cancelled by the command's context."
commandPath,internal/cli/effects.go,124,internal/cli,good,5,3,8,adequate,339,,75.0,1,1,False,,
annotateEffects,internal/cli/effects.go,135,internal/cli,good,5,4,9,strong,339,TestEveryCommandHasAnEffect,90.0,3,3,False,,
newExecCommand,internal/cli/exec.go,23,internal/cli,nit,4,4,8,strong,339,TestExecNeedsDashBeforeTheCommand TestExecTakesTheNodeSetBeforeTheDash TestExecStdinGoesThroughTheGate TestExecChecksProtectedHostsWithoutConfirm TestExecRequiresACommand TestExecSendsTheArgumentVectorUnchanged TestForcedExecNamesWhatItLetsThrough,95.2,7,8,False,,"The local 'root' shadows type root. -u with -r quietly picks root, while every other contradiction (script with a command, a node set given twice) is refused."
runWithPayload,internal/cli/exec.go,172,internal/cli,good,5,2,7,weak,1,,100.0,,,False,,
readAll,internal/cli/exec.go,183,internal/cli,nit,4,4,8,strong,3,TestExecStdinRefusesAFailedRead TestInterruptEndsTheStdinRead,92.3,3,5,False,,"At the call site readAll(a) hides that it reads standard input for --stdin, and its errors mention --stdin."
printExec,internal/cli/exec.go,217,internal/cli,nit,4,3,7,adequate,17,TestExecDedupShowsEachGroupsStatus TestExecEscapesControlCharacters TestExecEscapesBidiControlsAndLineSeparators TestExecShowsTheNodesOwnError TestExecDedupCollapsesIdenticalAnswers TestExecReportsFailingNodes,81.2,5,8,False,,"The cobra command is needed only for its writer, while stderr comes from the App. Two sinks come from two different sources."
outputLines,internal/cli/exec.go,278,internal/cli,good,5,4,9,strong,16,TestExecEscapesControlCharacters,100.0,1,1,False,,
newFabricCommand,internal/cli/fabric.go,22,internal/cli,good,5,3,8,adequate,339,,100.0,,,True,,
newGUIDLookup,internal/cli/fabric.go,51,internal/cli,good,5,3,8,adequate,11,,100.0,,,True,,
guidLookup.load,internal/cli/fabric.go,54,internal/cli,good,5,4,9,strong,11,TestFabricGUIDFailsWhenDHCPCannotBeRead,90.9,4,6,False,,
guidLookup.guids,internal/cli/fabric.go,72,internal/cli,bug,2,4,6,strong,10,TestFabricGUIDPrefersDHCP TestFabricGUIDDerivesFromTheHardwareAddress TestFabricGUIDReportsNodesItCannotIdentify,94.4,6,7,False,upheld,"dhcp.Lookup also returns 'interface' declarations, which the dhcp package itself says are usually the BMC. For a dhcpd.conf with host exe0001-bmc, `fabric guid` lists a bogus BMC-derived GUID (confirmed with a probe). `fabric state` then reports that port 'no answer' and exits 1 even when the IB link is Active."
fabricRole,internal/cli/fabric.go,103,internal/cli,good,5,3,8,adequate,7,,75.0,1,2,False,,
newFabricGUIDCommand,internal/cli/fabric.go,112,internal/cli,good,5,4,9,strong,339,TestFabricGUIDDerivesFromTheHardwareAddress TestFabricGUIDReportsNodesItCannotIdentify TestFabricGUIDFailsWhenDHCPCannotBeRead TestFabricGUIDPrefersDHCP,88.9,6,8,False,,
portStateScript,internal/cli/fabric.go,191,internal/cli,good,5,4,9,strong,2,TestFabricStateIsUpOnlyForAnActiveLink,100.0,,,False,,
parsePortStates,internal/cli/fabric.go,214,internal/cli,good,5,3,8,adequate,2,TestFabricStateIsUpOnlyForAnActiveLink TestFabricStateReportsAPortWithoutAnswer,94.4,3,6,False,,
newFabricStateCommand,internal/cli/fabric.go,243,internal/cli,nit,4,3,7,adequate,339,TestFabricStateIsUpOnlyForAnActiveLink TestFabricStateReportsAPortWithoutAnswer TestFabricStateKeepsNodeNamesOutOfTheScript,85.7,4,8,False,,"The first node without a known hardware address aborts the whole command with a Usage error, and no port is reported. `fabric guid` instead reports such nodes one by one and carries on."
portLID,internal/cli/fabric.go,336,internal/cli,good,5,2,7,weak,2,,70.0,2,6,False,,
findUplink,internal/cli/fabric.go,359,internal/cli,nit,4,3,7,adequate,2,TestFabricCountersUplinkReadsTheCabledSwitchPort TestFabricCountersUplinkRefusesToGuess,87.5,4,8,False,,"The greedy `==\(.*\)==>` stretches to the last ')==>' on a line. A peer node description (set by that node's root) containing ')==>' can fake a second match, which triggers a refusal (confirmed with a probe). It also hides that node's own uplink."
newFabricCountersCommand,internal/cli/fabric.go,388,internal/cli,bug,2,3,5,adequate,339,TestFabricCountersUplinkReadsTheCabledSwitchPort TestFabricCountersUplinkRefusesToGuess,83.3,5,8,False,upheld,"args[0] is not canonicalised. With DHCP holding exe0001 at aa:bb:.. and the inventory holding a stale MAC, `fabric counters exe1` misses DHCP and reads the inventory port 0x0011..0300..., while `fabric guid -n exe1` gives the DHCP one (confirmed with a probe). 'EXE0001' is refused."
newHCACommand,internal/cli/fabric.go,446,internal/cli,good,5,3,8,adequate,339,,100.0,,,True,,
newHCALinkCommand,internal/cli/fabric.go,457,internal/cli,bug,2,2,4,weak,339,TestHCALinkParsesTheAdapterState,76.0,3,8,False,upheld,"A node without adapters or without ibstat exits 0 with no output, so it is left out of the table and the command exits 0. A probe with exe[1-2] showed exe0002 missing. The codebase treated the same kind of silent omission as a defect in report 12.7, and hcaSetScript refuses this case."
newHCACableCommand,internal/cli/fabric.go,506,internal/cli,rework,3,1,4,incidental,339,,4.2,0,8,False,upheld,"The awk overwrites part and len on every cable and prints once at END. A node with two adapters or cables, common on GPU nodes, reports only the last one, silently. hca link and hca firmware loop over devices; this command does not."
newHCAConfigCommand,internal/cli/fabric.go,552,internal/cli,nit,4,4,8,strong,339,TestHCAConfigNeverTakesANodeForTheValue,71.4,2,3,False,,"This repeats group() (TrimSpace'd Long text, a Help RunE, AddCommand) only to change Args. The comment says the old form 'would otherwise print the help and exit 0', which no longer holds for group(), since noSubcommand already refuses it."
checkMlxconfig,internal/cli/fabric.go,591,internal/cli,rework,3,4,7,strong,4,TestHCAConfigSetRefusesWhatIsNotASetting,100.0,4,4,False,upheld,"The boolean flag and the dummy """" value make the get call site read badly, and the two same-typed strings could be swapped without the compiler noticing."
newHCAConfigGetCommand,internal/cli/fabric.go,603,internal/cli,rework,3,2,5,weak,339,TestHCAConfigNeverTakesANodeForTheValue,75.0,3,8,False,upheld,"grep -F matches substrings, so NUM_PF_MSIX also returns the NUM_PF_MSIX_VALID lines. Several adapters and the -e default/current/next columns are all joined into one cell (a probe showed 'KEY False(0) KEY True(1)'), with no device names."
hcaSetScript,internal/cli/fabric.go,646,internal/cli,good,5,4,9,strong,2,TestHCAConfigSetChangesEveryAdapter TestHCAConfigSetQuotesTheSetting,100.0,,,False,,
newHCAConfigSetCommand,internal/cli/fabric.go,666,internal/cli,bug,2,3,5,adequate,339,TestHCAConfigSetRefusesWhatIsNotASetting TestHCAConfigSetQuotesTheSetting TestHCAConfigSetChangesEveryAdapter,79.4,4,8,False,upheld,"Real ssh sets Result.Err on every non-zero exit ('command exited 1'). When one adapter fails, or there is no adapter, the node shows as 'unreachable', and mlx5_0 ok / mlx5_1 failed plus mlxconfig's message are dropped (confirmed with a probe using transport.ExitResult). The 'failed' branch can no longer be reached."
newHCAFirmwareCommand,internal/cli/fabric.go,736,internal/cli,bug,2,1,3,incidental,339,,4.0,0,8,False,upheld,"A node without adapters or without ibstat exits 0 with no lines. It is left out of the table and JSON and the command exits 0 (a probe with exe[1-2] showed exe0002 missing), so a fleet firmware audit silently skips it."
group,internal/cli/helpers.go,26,internal/cli,good,5,5,10,strong,339,TestGroupWithoutArgumentsPrintsHelp TestUnknownSubcommandIsNamed,100.0,,,True,,
leaf,internal/cli/helpers.go,41,internal/cli,good,5,3,8,adequate,339,,100.0,,,True,,
say,internal/cli/helpers.go,56,internal/cli,good,5,3,8,adequate,31,,100.0,,,True,,
selection,internal/cli/helpers.go,64,internal/cli,bug,2,3,5,adequate,159,TestSelectionIsRequired TestANodeSetArgumentAndTheNodesFlagContradict TestANodeSetArgumentWinsOverTheEnvironment TestTheEnvironmentAppliesWithoutNodesFlag,100.0,1,1,False,upheld,"With CLUSTERCTL_NODES=@rack:R02, `clusterctl hostkey remove """" --dry-run` previews 10 hosts, and `exec --dry-run """" -- uptime` does the same. The doc says an empty selection is a usage error. safety.md and configuration.md apply the variable only when no argument is given, and -n ""$(...)"" is guarded for exactly this reason."
oneNode,internal/cli/helpers.go,76,internal/cli,good,5,4,9,strong,6,TestNodeGroupsRefusesWhatIsNotOneNode TestNodeGroupsFindsTheMachineOfAnySpelling TestBMCWebSelectsTheNode,100.0,6,6,False,,
runOnNodes,internal/cli/helpers.go,92,internal/cli,nit,4,3,7,adequate,15,,83.3,1,2,False,downgraded,"The doc says it prints a result table of what each node answered. It only returns the results. Every caller builds and prints its own table, so a new caller trusting the doc would print nothing."
resultsTable,internal/cli/helpers.go,104,internal/cli,good,5,3,8,adequate,11,TestResultsTableShowsTheNodesOwnError,100.0,0,1,False,,
failureDetail,internal/cli/helpers.go,122,internal/cli,good,5,4,9,strong,19,TestResultsTableShowsTheNodesOwnError TestExecShowsTheNodesOwnError,100.0,2,4,False,,
failureError,internal/cli/helpers.go,142,internal/cli,good,5,4,9,strong,36,TestExecExitCodeSaysWhatWentWrong,100.0,5,6,False,,
hostFailures.Error,internal/cli/helpers.go,176,internal/cli,good,5,3,8,adequate,6,,100.0,,,True,,
hostFailures.Unwrap,internal/cli/helpers.go,178,internal/cli,good,5,4,9,strong,20,TestExecExitCodeSaysWhatWentWrong,100.0,,,True,,
firstLine,internal/cli/helpers.go,180,internal/cli,nit,4,2,6,weak,11,,66.7,1,1,False,,"Result.Lines trims \r and the exec tests insist that a CR LF line is still a line, but firstLine(""ok\r\nx"") returns ""ok\r"", which the table then escapes into a visible \r."
lastNonEmpty,internal/cli/helpers.go,187,internal/cli,nit,4,2,6,weak,19,,100.0,2,2,False,,"Every caller post-processes the result the same way: helpers.go:126, fabric.go:714, bmc.go:829, provision.go:228 and 599 all call strings.TrimSpace(lastNonEmpty(...))."
completionApp,internal/cli/helpers.go,205,internal/cli,good,5,4,9,strong,1,TestCompletionContactsNothing,100.0,,,False,,
uniqueWords,internal/cli/helpers.go,214,internal/cli,good,5,3,8,adequate,1,,100.0,2,2,False,,
registerCompletions,internal/cli/helpers.go,228,internal/cli,nit,4,2,6,weak,339,,37.5,0,1,False,,"The doc does not describe --output, whose values come from output.Formats() and not from the configuration. Discarding RegisterFlagCompletionFunc errors means a renamed flag silently loses completion."
completeRoles,internal/cli/helpers.go,245,internal/cli,good,5,1,6,incidental,339,,20.0,0,1,False,,
completeGroups,internal/cli/helpers.go,264,internal/cli,good,5,4,9,strong,339,TestCompletionContactsNothing,86.7,4,5,False,,
fixed,internal/cli/helpers.go,289,internal/cli,good,4,1,5,incidental,339,,50.0,,,True,,
safetyAction,internal/cli/helpers.go,296,internal/cli,nit,4,1,5,incidental,2,,100.0,,,True,downgraded,"The wrapper drops the field names and makes verb and detail swappable. It is used once, while 22 other confirmations write safety.Action{Verb:..., Detail:...}, so it adds inconsistency without reducing code."
dryRunOrError,internal/cli/helpers.go,302,internal/cli,good,5,3,8,adequate,19,,100.0,2,2,False,,
shellQuote,internal/cli/helpers.go,310,internal/cli,good,4,4,8,strong,13,TestHCAConfigSetQuotesTheSetting TestConfigUseContextQuotesTheName,100.0,,,True,,
newHostkeyCommand,internal/cli/hostkey.go,25,internal/cli,good,5,4,9,strong,339,,100.0,,,True,,
scanTargets,internal/cli/hostkey.go,48,internal/cli,nit,4,4,8,strong,7,TestHostkeyScanRunsHostsInParallel TestHostkeyScanReachesTheInventoryBMCAddress TestAPanicInAHostKeyScanFailsOnlyThatHost,86.1,3,5,False,,"failed mixes short node names (resolution errors) with host names (scan errors). The callers then print both under HOST as 'unreachable' and count them in 'N hosts did not answer', so a node with no BMC name is reported as not answering."
scanHost,internal/cli/hostkey.go,101,internal/cli,good,5,5,10,strong,7,TestAPanicInAHostKeyScanFailsOnlyThatHost,100.0,1,1,False,,
jumpHops,internal/cli/hostkey.go,114,internal/cli,bug,2,3,5,adequate,7,TestHostkeyScanGoesThroughTheJumpHost,92.9,4,4,False,upheld,"The example dhcp role has proxyJump mgmt, and the generated config says 'ProxyJump alice_adm@mgmt-gw.example.org'. The scan actually runs 'ssh -F cfg -W dhcp01.example.org:22 -- mgmt-gw.example.org' with no account, and the config sets no User, so the jump logs in as the local OS user and fails under BatchMode. Elements such as 'root@mgmt' or 'mgmt:2222' pass through unresolved."
dialThrough,internal/cli/hostkey.go,140,internal/cli,nit,4,3,7,adequate,1,TestHostkeyScanGoesThroughTheJumpHost,80.0,1,3,False,downgraded,"It assumes the generated config supplies the jump account. roleBody deliberately writes no User line and puts accounts only into ProxyJump strings, so the ssh -W here authenticates as the local user (see jumpHops)."
hostkeyFile,internal/cli/hostkey.go,156,internal/cli,nit,4,3,7,adequate,5,,75.0,1,2,False,,"`file, err := hostkeys.Load(path)` sits right after `path, err := hostkeyFile(a)`, so the name collides conceptually with the File type."
newHostkeyScanCommand,internal/cli/hostkey.go,165,internal/cli,nit,4,4,8,strong,339,TestHostkeyScanRunsHostsInParallel TestHostkeyScanReachesTheInventoryBMCAddress TestHostkeyScanGoesThroughTheJumpHost,91.3,5,7,False,,"With -o json, only the hosts that answered are emitted. The unreachable ones appear only in stderr and the exit code, so a script cannot tell which hosts failed."
newHostkeyVerifyCommand,internal/cli/hostkey.go,210,internal/cli,nit,4,2,6,weak,339,TestHostkeyVerifyReportsARevokedKey,65.0,3,8,False,,"plural() fixes only the noun, which gives '1 host offer a revoked key' and '1 host are not in the file'. L280 prints '1 hosts did not answer'."
newHostkeyRefreshCommand,internal/cli/hostkey.go,289,internal/cli,nit,4,2,6,weak,339,TestHostkeyRefreshKeepsNotesAndRevocations,74.5,2,8,False,,The block duplicates dryRunOrError (and remove repeats it at L394-403). L366 prints '1 hosts did not answer'.
newHostkeyRemoveCommand,internal/cli/hostkey.go,375,internal/cli,bug,2,2,4,weak,339,TestHostkeyRemoveTakesTheInventoryBMCAddress,75.0,2,8,False,upheld,Reproduced: a file with 'exe0003 …' (the node's legacy short name) and the exe0003 BMC key. `hostkey remove --bmc -y -n exe0003` removed both and reported 'exe0003.mgmt.hpc.example.org 2'. The node's key was deleted although only the service processor was asked for.
newHostkeyListCommand,internal/cli/hostkey.go,437,internal/cli,bug,2,2,4,weak,339,TestHostkeyListReadsTheConfiguredFile,73.3,4,6,False,upheld,"Reproduced: a file with a trusted key, an '@revoked' key for exe0002 and an '@cert-authority *.hpc…' line lists as three plain rows. The revoked key appears as a second trusted key of exe0002, which misleads anyone auditing the site's trust anchor."
anyRevoked,internal/cli/hostkey.go,464,internal/cli,good,5,4,9,strong,2,TestHostkeyVerifyReportsARevokedKey TestHostkeyRefreshKeepsNotesAndRevocations,100.0,3,3,False,,
matches,internal/cli/hostkey.go,474,internal/cli,nit,4,0,4,none,0,,0.0,,,False,,"`matches(known, found[host])` gives no hint of direction. Swapping the arguments changes the meaning, and nothing would catch it because the function is untested."
abbreviate,internal/cli/hostkey.go,491,internal/cli,nit,4,1,5,incidental,4,,66.7,0,1,False,,"The kept prefix encodes the algorithm name and never differs between keys of one type, which wastes half the shown text. Administrators compare against the SHA256 fingerprints that ssh prints."
plural,internal/cli/hostkey.go,498,internal/cli,good,5,1,6,incidental,2,,66.7,0,1,False,,
loginFlags.register,internal/cli/login.go,28,internal/cli,nit,4,2,6,weak,339,,100.0,,,True,,"`login --help` lists `-J, --jump string  role or host to jump through` as a working option. The refusal and the proxyJump advice only show up when a user tries it."
loginFlags.apply,internal/cli/login.go,40,internal/cli,nit,4,1,5,incidental,6,,55.6,0,5,False,,`login -u bob -r mgmt` logs in as root without a word; the contradiction is resolved silently.
loginFlags.ttyMode,internal/cli/login.go,58,internal/cli,good,5,2,7,weak,5,,40.0,0,2,False,,
resolveTarget,internal/cli/login.go,73,internal/cli,bug,2,2,4,weak,6,TestANodeNamedLikeARoleDoesNotLogInWithTheRoleAccount,42.9,0,3,False,upheld,"`clusterctl login exe1` runs ssh to alice_adm@exe1.hpc.example.org, but `exec -n exe1` targets exe0001.hpc.example.org. That is the non-inventory name Report 4.17 removed from describe."
defaultRole,internal/cli/login.go,89,internal/cli,nit,4,0,4,none,0,,0.0,,,False,,"On a site whose roles are dhcp, install and pool, a bare `clusterctl login` opens a root shell on dhcp01. The help promises the login role."
newLoginCommand,internal/cli/login.go,102,internal/cli,nit,4,3,7,adequate,339,TestLoginRejectsASecondName TestLoginRejectsTheJumpFlag TestNoTerminalRunsSshInBatchMode,87.5,5,8,False,,"The help says 'With no argument the login role is used', but defaultRole falls back to mgmt and then to any role."
newMCPCommand,internal/cli/mcp.go,21,internal/cli,good,5,3,8,adequate,339,,100.0,,,True,,
newMCPServeCommand,internal/cli/mcp.go,29,internal/cli,rework,3,1,4,incidental,339,,37.5,0,5,False,upheld,"The --set parsing and fanout handling are copied from root.App and have diverged. `mcp serve --fanout 0` or `--fanout -1` is accepted and the configured fanout used; root refuses both, with a comment explaining why. `--set defaultUser` gives 'got null, want string' instead of '--set takes PATH=VALUE'."
CommandTree,internal/cli/mcp.go,102,internal/cli,good,4,4,8,strong,38,TestReadCommandOffersNoShellBuiltins TestReadCommandIgnoresTheNodesVariable TestReadCommandReachesOnlyTheSitesHosts,100.0,2,3,False,,
newNodeCommand,internal/cli/node.go,22,internal/cli,good,5,3,8,adequate,339,,100.0,,,True,,
newNodeListCommand,internal/cli/node.go,38,internal/cli,bug,2,3,5,adequate,339,TestNodeListWithMixedWidths TestOutputFormats,94.7,4,8,False,upheld,"`node list -n exe[1-2]` prints all 13 inventory nodes, but `-o nodeset` prints exe[0001-0002]. The node-sets guide says -n always wins and is never ignored, and slurm node list always calls SelectOptional."
newNodeDescribeCommand,internal/cli/node.go,78,internal/cli,bug,2,4,6,strong,339,TestNodeDescribeUsesTheInventoryName TestNodeDescribeShowsNamesAndGroups,85.7,5,7,False,upheld,"`node describe EXE0001` or `node describe exe0001.hpc.example.org` prints 'is not in the inventory' and shows no address, rack, attributes or groups. `node groups EXE0001` finds exe0001's groups."
newNodeSelectCommand,internal/cli/node.go,139,internal/cli,nit,4,3,7,adequate,339,TestNodeSelectEvaluatesGroupsAndOperators,75.0,5,8,False,,"`node select exe[1-3] -c -e` prints 3 with no warning. The codebase elsewhere reports contradictory flags, such as login -t -T."
newNodeFQDNCommand,internal/cli/node.go,185,internal/cli,good,5,4,9,strong,339,TestNodeFQDNAppliesTheNamingRules TestBMCNamesTheMachineThatWasMeant,100.0,7,8,False,,
newNodeGroupsCommand,internal/cli/node.go,219,internal/cli,good,5,3,8,adequate,339,TestNodeGroupsListsTheSources TestNodeGroupsKeepsWhatTheOtherSourcesFound TestNodeGroupsFindsTheMachineOfAnySpelling TestNodeGroupsRefusesWhatIsNotOneNode,84.2,4,8,False,,
newNodeAttrsCommand,internal/cli/node.go,286,internal/cli,good,5,3,8,adequate,339,TestNodeAttrsAndRack,95.5,5,6,False,,
newNodeRackCommand,internal/cli/node.go,323,internal/cli,nit,4,3,7,adequate,339,TestNodeAttrsAndRack TestRackAttributeIsNotOverwritten,95.7,6,8,False,,"`node rack EXE0001` or `node rack exe0001.hpc.example.org` fails with 'no rack or node named', though node groups accepts those spellings of the same machine."
newNodeHardwareCommand,internal/cli/node.go,382,internal/cli,nit,4,2,6,weak,339,TestNodeHardwareParsesWhatTheNodesReport TestNodeHardwareReportsEveryFailedNode,89.5,3,8,False,,The record is parsed inline in both the table row and the object literal; a field-index slip goes unnoticed (see tests).
groupsError,internal/cli/node.go,471,internal/cli,good,5,4,9,strong,6,TestNodeGroupsKeepsWhatTheOtherSourcesFound,100.0,,,True,,
addIf,internal/cli/node.go,478,internal/cli,nit,4,2,6,weak,4,,100.0,,,True,,"A reader of `addIf(t, ""bmc"", bmc)` has to open the function to learn the condition."
sortedMapKeys,internal/cli/node.go,484,internal/cli,nit,4,2,6,weak,15,,100.0,,,True,,"This is the third copy of the same generic helper in the repo, and Go 1.26 has slices.Sorted(maps.Keys(m))."
newSecretsCommand,internal/cli/provision.go,38,internal/cli,good,5,3,8,adequate,339,,100.0,,,True,,
newSecretsListCommand,internal/cli/provision.go,52,internal/cli,good,5,3,8,adequate,339,TestSecretsListShowsWhereEachFileLands,93.3,4,5,False,,
newSecretsPushCommand,internal/cli/provision.go,78,internal/cli,bug,2,3,5,adequate,339,TestSecretsPushDecryptsBeforeItAsks TestSecretsPushReportsAnUnreachableNode TestSecretsPushKeepsAnInterrupt TestSecretsPushReplacesTheFileWhole TestSecretsPushStreamsASecretRef,86.8,6,8,False,upheld,"gone is set from failed[tg.Name], the node's first failure. A node that refused secret 1 and is unreachable for secret 2 is contacted again for every later secret, each time waiting out the connect timeout, although the help says it is not tried again. A probe with 3 secrets contacted exe0002 3 times."
secretScript,internal/cli/provision.go,196,internal/cli,nit,4,3,7,adequate,4,TestSecretsPushReplacesTheFileWhole,80.0,1,3,False,,"Parallel implementation of cincWriteScript (575-595) with small differences: this one has no -- before paths and does not normalise wc output, while cincWriteScript has no HUP/INT/TERM/PIPE trap. A fix made to one can easily miss the other."
pushStatus,internal/cli/provision.go,224,internal/cli,nit,4,2,6,weak,4,TestSecretsPushReportsAnUnreachableNode,87.5,3,3,False,,"The stderr-then-Err-then-exit-code chain is repeated in cincDetail (598-606), failureDetail (helpers.go) and sshReason, each with slightly different rules."
pushError,internal/cli/provision.go,240,internal/cli,good,5,3,8,adequate,2,TestSecretsPushKeepsAnInterrupt,66.7,2,3,False,,
nodeUnreachable,internal/cli/provision.go,248,internal/cli,nit,4,3,7,adequate,2,TestSecretsPushReportsAnUnreachableNode,100.0,1,1,False,downgraded,"Callers treat true as 'unreachable'. After Ctrl-C, line 164 prints 'skipped: the node could not be reached' for every later secret, and pushFailures codes the error 3, so MCP (which uses exitcode.From) reports an interrupted push as unreachable. Verified by a probe."
pushFailures,internal/cli/provision.go,256,internal/cli,nit,4,3,7,adequate,4,TestSecretsPushReportsAnUnreachableNode TestSecretsPushKeepsAnInterrupt,100.0,4,5,False,,"If every failure is an interrupt, the error carries code 3. The CLI exits 130 only because report() checks errors.Is; exitcode.From consumers such as MCP see 3. failureError sets Interrupted explicitly."
newSecretsCheckCommand,internal/cli/provision.go,279,internal/cli,good,5,3,8,adequate,339,TestSecretsCheckReadsTheSecretsWithoutAKey TestSecretsTrustOnlyTheConfiguredKeyTypes TestCommandsWithoutASecretNeedNoSops TestSecretValuesAreNotParsedTwice TestSecretsWithoutATerminalUseOnlyTheWorkstationIdentities,98.0,5,8,False,,
secretRefsOf,internal/cli/provision.go,366,internal/cli,nit,4,1,5,incidental,8,,100.0,2,2,False,,"The same enumeration exists in config.secretRefs. If a future secretRef field is added only there, secrets check under-reports USED and no test notices."
newCincCommand,internal/cli/provision.go,381,internal/cli,good,5,3,8,adequate,339,,100.0,,,True,,
cincConfigPath,internal/cli/provision.go,392,internal/cli,nit,4,3,7,adequate,9,,66.7,,,True,,"The Go fallback repeats defaults.yaml:90. If the default changes there, the two disagree, and no test ever runs this line."
cincSolo.render,internal/cli/provision.go,416,internal/cli,good,5,5,10,strong,3,TestCincConfigWritesAFileSafeToSource,100.0,1,1,False,,
cincSolo.check,internal/cli/provision.go,425,internal/cli,good,5,4,9,strong,8,TestCincConfigRejectsWhatIsNotAnArchiveURL,100.0,5,5,False,,
checkCincURL,internal/cli/provision.go,437,internal/cli,good,5,4,9,strong,8,TestCincConfigRejectsWhatIsNotAnArchiveURL,90.9,6,6,False,,
checkCincRunList,internal/cli/provision.go,456,internal/cli,good,5,4,9,strong,9,TestCincConfigRejectsWhatIsNotAnArchiveURL,100.0,2,2,False,,
parseCincSolo,internal/cli/provision.go,468,internal/cli,rework,3,2,5,weak,6,TestCincRunPassesTheFileAsArguments TestCincRunRefusesAFileThatIsNotPlainAssignments TestCincConfigWritesAFileSafeToSource,88.9,3,7,False,upheld,"The doc says a file that sourcing would make do more than assign is refused, and the cinc show/run help promise that any non-plain-assignment file fails. A probe showed 'CHEF_RECIPE_URL=http://x/a.tgz\nOTHER=$(reboot)' parses cleanly, so cinc show reports the node as configured with exit 0."
isShellName,internal/cli/provision.go,497,internal/cli,good,5,2,7,weak,6,,80.0,2,6,False,,
shellLiteral,internal/cli/provision.go,514,internal/cli,good,5,3,8,adequate,7,TestCincFileRoundTrips,86.2,5,8,False,,
cincReadScript,internal/cli/provision.go,564,internal/cli,good,5,1,6,incidental,5,,100.0,,,False,,
cincWriteScript,internal/cli/provision.go,575,internal/cli,nit,4,5,9,strong,3,TestCincConfigReplacesTheFileWhole TestCincConfigWritesAFileSafeToSource,100.0,,,False,,"Near-duplicate of secretScript (196-220). The two diverge on signal traps, -- guards and wc normalisation, with no shared builder."
cincDetail,internal/cli/provision.go,598,internal/cli,nit,4,2,6,weak,1,TestCincShowReportsNodesItCouldNotRead,40.0,0,2,False,,"This is the fourth copy of the stderr/Err/exit-code reason chain in the package (see pushStatus, failureDetail, sshReason)."
cincRefused,internal/cli/provision.go,610,internal/cli,good,4,3,7,adequate,2,,100.0,,,True,,
cincFailureError,internal/cli/provision.go,616,internal/cli,rework,3,2,5,weak,8,TestCincShowReportsNodesItCouldNotRead,100.0,4,4,False,upheld,"The doc says this differs from failureError by exiting 3 for an unreachable node, but failureError (helpers.go:158-159) already does that: replacing the body with failureError passes every test. With one interrupted node and one unreachable node, it returns code 3 where failureError returns 130; MCP (via exitcode.From) then reports 'unreachable'."
newCincConfigCommand,internal/cli/provision.go,629,internal/cli,nit,4,2,6,weak,339,TestCincConfigWritesAFileSafeToSource TestCincConfigRejectsWhatIsNotAnArchiveURL TestCincConfigReplacesTheFileWhole TestCincConfigSendsTheFileOverStdin,82.8,3,8,False,,"NodeTargets runs after the confirmation. An address that fails to resolve is reported only after the user says yes, and a dry run never surfaces it, whereas secrets push resolves targets before asking."
newCincShowCommand,internal/cli/provision.go,700,internal/cli,nit,4,3,7,adequate,339,TestCincShowReportsNodesItCouldNotRead TestCincShowFlagsAFileItCannotRead TestCincShowReadsTheNodeConfiguration,89.2,5,8,False,,"Same read request (cincReadScript, Timeout().Get(), TTYNone) and parse-then-check sequence as newCincRunCommand L799-842; the two copies can drift, e.g. in how an empty file is treated."
newCincRunCommand,internal/cli/provision.go,769,internal/cli,nit,4,2,6,weak,339,TestCincRunPassesTheFileAsArguments TestCincRunRefusesAFileThatIsNotPlainAssignments TestCincRunDryRunNamesTheReadItSkips,84.2,3,8,False,,"The read-and-parse block duplicates newCincShowCommand, and the long closure mixes reading, validation, argv building and result merging."
newCincShellCommand,internal/cli/provision.go,878,internal/cli,good,5,1,6,incidental,339,,33.3,,,True,,
newProvisionCommand,internal/cli/provision.go,887,internal/cli,good,5,3,8,adequate,339,,100.0,,,True,,
newProvisionReinstallCommand,internal/cli/provision.go,900,internal/cli,good,5,3,8,adequate,339,TestReinstallReinstalls TestReinstallAsksSlurmFirst TestReinstallResolvesEverythingBeforeTheFirstChange TestReinstallDryRunChecksThePXEHost TestReinstallPreviewListsEveryBootPath TestDryRunChangesNothing,92.3,6,8,False,,
reinstallNode.note,internal/cli/provision.go,1051,internal/cli,good,4,1,5,incidental,7,,100.0,,,True,,
reinstallNode.linked,internal/cli/provision.go,1058,internal/cli,good,5,2,7,weak,5,,100.0,,,True,,
reinstallNode.overridden,internal/cli/provision.go,1066,internal/cli,good,5,2,7,weak,5,,100.0,,,True,,
planReinstall,internal/cli/provision.go,1085,internal/cli,nit,4,3,7,adequate,12,TestReinstallResolvesEverythingBeforeTheFirstChange TestReinstallReadsDHCPOnce TestProvisionReinstallRefusesANodeNamedOnlyInAComment,90.6,6,8,False,,"It compares a lowercased, trimmed order[0] with the literal ""redfish"" instead of app.TransportRedfish, repeating the normalization App.BMCTransports already does."
reinstallPlan.run,internal/cli/provision.go,1149,internal/cli,good,5,4,9,strong,7,TestReinstallReinstalls TestReinstallDisarmsWhatItArmed TestReinstallWithoutResetSaysTheSetIsArmed,97.4,6,8,False,,
sendToBMCs,internal/cli/provision.go,1215,internal/cli,good,5,3,8,adequate,7,,100.0,1,2,False,,
reinstallPlan.settle,internal/cli/provision.go,1232,internal/cli,good,5,3,8,adequate,7,,100.0,2,4,False,,
reinstallPlan.fail,internal/cli/provision.go,1251,internal/cli,nit,4,4,8,strong,3,TestReinstallDisarmsWhatItArmed,94.6,6,8,False,,"At call sites `return p.fail(a, step, err, nodes)` looks like pure error construction, but it performs remote rollback. The doc comment is the only hint."
armedAdvice,internal/cli/provision.go,1310,internal/cli,good,5,4,9,strong,3,TestReinstallWithoutResetSaysTheSetIsArmed TestReinstallDisarmsWhatItArmed,100.0,3,5,False,,
reinstallPlan.inState,internal/cli/provision.go,1335,internal/cli,good,5,3,8,adequate,7,,100.0,1,1,False,,
reinstallPlan.caption,internal/cli/provision.go,1346,internal/cli,nit,4,4,8,strong,7,TestReinstallWithoutResetSaysTheSetIsArmed TestReinstallReinstalls,100.0,2,2,False,,The caller passes the same noReset flag to run and caption. Storing it on reinstallPlan would drop both flag parameters and the duplicated inState call.
orDash,internal/cli/provision.go,1357,internal/cli,nit,4,1,5,incidental,7,,100.0,,,True,,"orDash, orUnknown (L1592) and orNone (boot.go L530) are identical apart from the literal; Go 1.22+ cmp.Or does exactly this."
stepOutcome,internal/cli/provision.go,1365,internal/cli,good,5,3,8,adequate,7,TestAChangedCertificateIsOneFailureInEveryCommand,80.0,1,1,False,,
nodeFailures,internal/cli/provision.go,1381,internal/cli,nit,4,3,7,adequate,7,,100.0,1,1,False,,"The contract (the code that tells the most) is documented on the adapter, not on namedFailures/codeWeight, which implement it and are also used by provision status."
namedFailures,internal/cli/provision.go,1389,internal/cli,nit,4,3,7,adequate,8,,93.8,4,5,False,,"A second exit-code priority policy beside failureError (helpers.go), which ranks inline and ignores Usage. The two can diverge silently."
codeWeight,internal/cli/provision.go,1413,internal/cli,nit,4,2,6,weak,4,,66.7,,,False,,No doc comment; the ordering rationale only appears on nodeFailures.
provisionState.fail,internal/cli/provision.go,1447,internal/cli,good,5,2,7,weak,2,,66.7,0,2,False,,
newProvisionStatusCommand,internal/cli/provision.go,1459,internal/cli,bug,2,2,4,weak,339,TestProvisionStatusReportsEveryNode TestAPanicOnOneProcessorFailsOnlyThatNode,78.5,3,8,False,upheld,"Ctrl-C while the uptime probes run (up to 30s each) makes RunEach return context.Canceled results. These only set SSHError; s.err stays nil, RunE returns nil and the process exits 0, not 130 as doc/architecture.md promises. Reproduced with a scratch test."
orUnknown,internal/cli/provision.go,1592,internal/cli,nit,4,1,5,incidental,2,,100.0,,,True,,Third copy of the same default-string helper in the package.
sshReason,internal/cli/provision.go,1600,internal/cli,rework,3,0,3,none,0,,0.0,,,False,upheld,"It re-implements failureDetail with the opposite line choice. For ssh exit 255 with a pre-auth banner, it reports the banner, not the 'Permission denied' line that res.Err carries, so the same failure reads differently than in other commands."
root.App,internal/cli/root.go,57,internal/cli,good,5,4,9,strong,279,TestSetOverridesConfiguration TestFanoutBelowOneIsRefused,94.4,7,8,False,,
root.nodesFromFlagOrEnv,internal/cli/root.go,110,internal/cli,good,5,3,8,adequate,279,TestAnEmptyNodesFlagDoesNotFallBackToTheEnvironment TestTheNodesFlagIsGivenOnce TestTheEnvironmentAppliesWithoutNodesFlag TestReadCommandIgnoresTheNodesVariable,100.0,5,8,False,,
root.context,internal/cli/root.go,131,internal/cli,good,5,3,8,adequate,277,,66.7,,,True,,
NewRootCommand,internal/cli/root.go,143,internal/cli,nit,4,4,8,strong,300,TestCommandTreeBuilds,100.0,,,False,downgraded,"An exported constructor writes every tree into an unsynchronized global map that is never cleared: a hidden side effect that retains memory and races for concurrent callers. Its only reader, build() in cli_test.go, builds the tree itself and could call newRoot directly."
newRoot,internal/cli/root.go,150,internal/cli,good,5,4,9,strong,339,TestUsageErrorsExitTwo TestGroupWithoutArgumentsPrintsHelp,100.0,6,6,False,,
builtins,internal/cli/root.go,231,internal/cli,good,5,5,10,strong,339,TestBuiltinsStillWork TestBuiltinUsageErrorsExitTwo TestCompletionOfTheBuiltins,100.0,1,1,False,,
noSubcommand,internal/cli/root.go,256,internal/cli,good,5,5,10,strong,6,TestUnknownSubcommandIsNamed TestUsageErrorsExitTwo TestGroupWithoutArgumentsPrintsHelp,100.0,2,2,False,,
helpTopic,internal/cli/root.go,268,internal/cli,good,4,4,8,strong,2,TestBuiltinUsageErrorsExitTwo TestBuiltinsStillWork,85.7,4,5,False,,
suggest,internal/cli/root.go,283,internal/cli,good,4,4,8,strong,3,TestUnknownSubcommandIsNamed,100.0,1,2,False,,
usageArgs,internal/cli/root.go,296,internal/cli,good,5,4,9,strong,339,TestUsageErrorsExitTwo TestBuiltinUsageErrorsExitTwo,100.0,3,4,False,,
Execute,internal/cli/root.go,313,internal/cli,good,5,3,8,adequate,0,,100.0,,,True,,
execute,internal/cli/root.go,324,internal/cli,good,5,5,10,strong,11,TestUsageErrorsExitTwo TestInterruptedCommandExits130 TestBuiltinsStillWork,100.0,,,True,,
report,internal/cli/root.go,343,internal/cli,good,5,4,9,strong,10,TestReportKeepsLinesAndExitCode TestReportEscapesTheError,90.0,3,3,False,,
newVersionCommand,internal/cli/root.go,361,internal/cli,good,5,3,8,adequate,339,TestVersionPrintsProvenance,100.0,5,5,False,,
newSlurmCommand,internal/cli/slurm.go,23,internal/cli,good,5,4,9,strong,339,,100.0,,,True,,
slurmClient,internal/cli/slurm.go,41,internal/cli,nit,4,3,7,adequate,23,,100.0,,,True,,"Pure alias of a.Slurm(): it adds no logic and serves as no test seam. The code reaches the client two ways, slurmClient here and a.Slurm() in mcpserver/plan.go and read.go."
statesFor,internal/cli/slurm.go,45,internal/cli,nit,4,4,8,strong,5,TestSlurmStateGroupsMatchTheReportedState,100.0,,,True,,"The wrapper adds nothing over slurm.States, and other code calls slurm.States directly."
newSlurmNodeCommand,internal/cli/slurm.go,47,internal/cli,good,5,4,9,strong,339,TestGroupWithoutArgumentsPrintsHelp TestUnknownSubcommandIsNamed,100.0,,,True,,
newSlurmNodeListCommand,internal/cli/slurm.go,58,internal/cli,good,5,3,8,adequate,339,TestSlurmNodeListParsesTheClientOutput TestSlurmNodeListShowsNoReasonForHealthyNodes TestSlurmOutputCannotBeForgedThroughAReason,92.0,5,8,False,,
stateGroupNames,internal/cli/slurm.go,113,internal/cli,good,5,1,6,incidental,339,,100.0,,,False,,
newSlurmNodeDrainCommand,internal/cli/slurm.go,123,internal/cli,nit,4,4,8,strong,339,TestSlurmDrainNeedsAReasonAndConfirmation TestSlurmDrainQuotesTheReason TestSlurmDrainRefusesBadReasonsBeforeTheGate TestSlurmDrainRefusesAReasonThatNamesNodes TestSlurmDrainDryRunChecksTheSetAndSendsNothing TestSlurmChangesRefuseNamesSlurmExpands,95.0,7,8,False,,"The inline `if safety.IsDryRun(err) { return nil }; return err` duplicates helpers.dryRunOrError, which is called 15 times elsewhere in the package."
newSlurmNodeResumeCommand,internal/cli/slurm.go,175,internal/cli,nit,4,3,7,adequate,339,TestSlurmChangesRefuseNamesSlurmExpands TestSlurmFailuresKeepSlurmsMessageAndTheRightCode,60.0,4,7,False,,The same inline dry-run handling as drain duplicates helpers.dryRunOrError.
slurmNodes,internal/cli/slurm.go,208,internal/cli,nit,4,4,8,strong,9,TestSlurmChangesRefuseNamesSlurmExpands TestSlurmDrainDryRunChecksTheSetAndSendsNothing,88.9,5,6,False,,"`c, ns, err := slurmNodes(a, args)` does not show that the call runs sinfo to verify the set, or that it also yields the client."
reasonNamesNodes,internal/cli/slurm.go,226,internal/cli,rework,3,4,7,strong,9,TestSlurmDrainRefusesAReasonThatNamesNodes,83.3,3,4,False,upheld,"Verified: `drain 'ECC errors on exe0007, ticket 42' -n exe0007` is refused with 'give the reason first and quote it', although the user did exactly that. '@alice check fan' is also refused. The check flags any mention of a node, not only a forgotten reason."
newSlurmNodesetCommand,internal/cli/slurm.go,237,internal/cli,nit,4,3,7,adequate,339,TestSlurmStateGroupsMatchTheReportedState TestSlurmOutputCannotBeForgedThroughAReason,77.8,5,8,False,,"The help says 'nothing is printed' when no node matches, but say() writes ""\n"". That adds a blank line when piped to wc -l or read in a loop."
newSlurmJobCommand,internal/cli/slurm.go,274,internal/cli,good,5,3,8,adequate,339,,100.0,,,True,,
newSlurmJobListCommand,internal/cli/slurm.go,284,internal/cli,good,5,1,6,incidental,339,,21.4,0,8,False,,"The RunE never runs in any test, so filter building, the NODESET/-n path and the table mapping are unverified."
newSlurmJobHistoryCommand,internal/cli/slurm.go,351,internal/cli,good,5,2,7,weak,339,TestSlurmJobHistoryWindowIsRelative,77.4,1,8,False,,
newSlurmJobSummaryCommand,internal/cli/slurm.go,418,internal/cli,nit,4,2,6,weak,339,TestSlurmJobSummaryCountsPerUser,87.9,0,8,False,,"The only assertion is Index(alice) <= Index(bob). It passes when both rows are missing (-1 > -1 is false), and no count is checked."
newSlurmAccountCommand,internal/cli/slurm.go,478,internal/cli,nit,4,2,6,weak,339,TestSlurmAccountingChangesNameTheCluster TestSlurmAccountingRefusesNamesSacctmgrExpands TestSlurmPartitionAndAccounts TestAccountingChangeIsNotANodeTheInventoryLacks,54.9,3,8,False,,"Five inline closures in one constructor break the per-leaf constructor pattern the node and job groups use, and make the function long."
newSlurmUserCommand,internal/cli/slurm.go,645,internal/cli,nit,4,3,7,adequate,339,TestSlurmUserAddDryRunChecksTheDirectory TestSlurmUserAddSetsTheDefaultAccountOfAnExistingUser TestSlurmUserAddPreviewResolvesTheDefaults TestSlurmUserAddChecksTheDirectoryFirst TestSlurmUserAddPreviewEscapesWhatSlurmSaid TestSlurmAccountingChangesNameTheCluster,64.2,4,8,False,,"add returns validation errors one at a time, while default joins them and wraps them as Usage again. The same inconsistency as in the account command, inside one file."
newSlurmPartitionCommand,internal/cli/slurm.go,767,internal/cli,good,5,2,7,weak,339,TestSlurmPartitionAndAccounts,78.6,4,8,False,,
confirmAccounting,internal/cli/slurm.go,807,internal/cli,good,5,4,9,strong,3,TestSlurmAccountingChangesNameTheCluster,100.0,2,3,False,,
confirmChange,internal/cli/slurm.go,817,internal/cli,nit,4,4,8,strong,6,TestSlurmUserAddPreviewEscapesWhatSlurmSaid TestSlurmUserAddDryRunChecksTheDirectory,100.0,2,4,False,,"The IsDryRun branch changes nothing: Gate.Confirm already returns ErrDryRun, and report() maps it to exit 0."
first,internal/cli/slurm.go,827,internal/cli,good,5,1,6,incidental,1,,66.7,,,True,,
newTunnelCommand,internal/cli/tunnel.go,19,internal/cli,good,5,3,8,adequate,339,,100.0,,,True,,
manager,internal/cli/tunnel.go,33,internal/cli,nit,4,3,7,adequate,5,TestTunnelStartUsesTheGeneratedSSHConfiguration,81.8,2,3,False,,`manager(a)` does not say which manager among the package's many subsystems.
newTunnelListCommand,internal/cli/tunnel.go,61,internal/cli,nit,4,1,5,incidental,339,,11.1,0,4,False,,The RunE is never executed by any test.
newTunnelStatusCommand,internal/cli/tunnel.go,84,internal/cli,good,5,2,7,weak,339,TestTunnelStopLeavesAnUnrelatedProcessAlone,83.3,0,6,False,,
newTunnelStartCommand,internal/cli/tunnel.go,116,internal/cli,nit,4,3,7,adequate,339,TestTunnelStartDryRunShowsTheCommand TestTunnelStartUsesTheGeneratedSSHConfiguration TestTunnelStartRefusesAnExcludeThatExpandsToNothing,68.8,3,6,False,,"Exit 3 promises that a host could not be reached. Running `tunnel start ipmi` twice makes the second exit 3 with 'already running', so a script would blame the network."
newTunnelStopCommand,internal/cli/tunnel.go,150,internal/cli,good,5,3,8,adequate,339,TestTunnelStopLeavesAnUnrelatedProcessAlone TestTunnelStopRefusesAnUnknownName,68.8,5,6,False,,
completeTunnels,internal/cli/tunnel.go,178,internal/cli,bug,2,1,3,incidental,339,,20.0,0,1,False,upheld,"Verified in a scratch copy: with --config on the line, `__complete tunnel start ''` offers nothing, because r.App() fails with 'a second Cluster'. completionApp(r) returns [internal ipmi]. completionApp's own doc describes this exact failure."
Origin.String,internal/config/document.go,35,internal/config,nit,4,2,6,weak,329,,75.0,1,5,False,,"The doc says String renders the origin the way --show-sources prints it. show-sources (cli/config.go:328-331) and explainTable (474-478) format file:line:col themselves, with the layer in a separate column, so the same formatting exists in three places."
Document.Position,internal/config/document.go,70,internal/config,good,5,3,8,adequate,357,,100.0,2,3,False,,
ParseDocuments,internal/config/document.go,86,internal/config,bug,2,3,5,adequate,360,TestParseDocumentsRejectsBadInput TestLeadingZeroStaysAString,90.5,6,8,False,upheld,"goccy returns only two docs for 'a: 1\n---\n# old\n---\nb: 2', the second with Body nil; L94 skips it and b is lost silently. Verified: a file holding a Site, a comment-only document and a Cluster loads with no Cluster and no error."
Document.convert,internal/config/document.go,119,internal/config,nit,4,2,6,weak,360,TestParseDocumentsRejectsBadInput,65.5,4,7,False,,"Errors such as 'anchors and aliases are not supported ... (at a[1])' carry no line:column, unlike goccy's own errors and the line reporting ADR 0003 promises. A problem at the root prints '(at )'."
Document.convertPair,internal/config/document.go,173,internal/config,nit,4,3,7,adequate,360,,86.7,4,6,False,,"A key such as '1: a' or 'true: x' is reported as 'a mapping key must be a string (at )': parent path only, with no key text and no line."
integerValue,internal/config/document.go,202,internal/config,good,5,4,9,strong,355,TestLeadingZeroStaysAString,80.0,1,2,False,,
isDigits,internal/config/document.go,221,internal/config,good,5,3,8,adequate,2,,75.0,2,4,False,,
EnvOverrides,internal/config/effective.go,68,internal/config,nit,4,0,4,none,0,,0.0,,,False,downgraded,"Unused exported function: rg finds no caller. Neither doctor nor site/content/docs/reference/environment.md uses it, so its stated purpose is unmet and the docs can drift from envPaths unnoticed."
Bundle.Resolve,internal/config/effective.go,77,internal/config,nit,4,3,7,adequate,344,TestResolveLayers TestResolveLayerPrecedence TestWorkstationLayer TestResolveRecordsFilePositions TestUnknownContextAndCluster,83.3,6,8,False,,"ResolveOptions.Context says an empty value 'takes the current one', but Resolve first reads CLUSTERCTL_CONTEXT through env. This is the only place that variable is read."
Bundle.workstationFor,internal/config/effective.go,175,internal/config,nit,4,2,6,weak,342,TestWorkstationLayer,57.1,0,3,False,downgraded,"The ctx parameter is unused. With it, the name reads as if the workstation varied by context, which it does not."
applyOverrides,internal/config/effective.go,190,internal/config,good,4,3,7,adequate,342,,88.9,1,3,False,,"Both call sites (L122, L130) pass the same 'spec.overrides' path."
applyContextOverrides,internal/config/effective.go,207,internal/config,good,5,3,8,adequate,342,,75.0,3,5,False,,
applyEnv,internal/config/effective.go,231,internal/config,good,5,4,9,strong,342,,93.3,5,6,False,,
applySet,internal/config/effective.go,255,internal/config,good,5,4,9,strong,342,,90.9,3,4,False,,
decodeInto,internal/config/effective.go,276,internal/config,nit,4,3,7,adequate,347,,87.5,3,4,False,,"decodeInto and Decode are identical, and app.decode wraps Decode a third time."
Decode,internal/config/effective.go,291,internal/config,nit,4,3,7,adequate,317,,100.0,,,True,,An exported alias of decodeInto; internal/app wraps it again in decode().
Resolved.FromCommandLine,internal/config/effective.go,297,internal/config,nit,4,3,7,adequate,316,TestCommandLinePathsResolveAgainstTheWorkingDirectory,37.5,3,6,False,,"The name leaves out the environment layer, which also returns true; a reader of absoluteCommandLinePaths can miss that."
Load,internal/config/load.go,57,internal/config,good,5,4,9,strong,345,TestValidationReportsPositionAndSuggestion TestValidationRejectsWrongTypesAndVersions TestSecretDocumentIsIndexedWithoutAKey TestSecretDocumentMistakesAreReportedWhereWritten,100.0,,,True,,
load,internal/config/load.go,63,internal/config,good,5,4,9,strong,357,TestLoadExample,90.6,6,8,False,,
LoadDefault,internal/config/load.go,125,internal/config,nit,4,4,8,strong,9,TestLoadExample,75.0,1,2,False,,"Production code never calls it. When no files are found it returns an empty Bundle, while app.New refuses, so the two entry points behave differently."
addDocument,internal/config/load.go,138,internal/config,good,5,4,9,strong,353,TestDuplicateDocumentsAreRefused,100.0,2,2,False,,
documentAt,internal/config/load.go,150,internal/config,nit,4,2,6,weak,1,,66.7,1,1,False,,"Duplicates doc.Position(""kind""), which already falls back to Origin{File: d.File} when a top-level key has no recorded position."
quotedName,internal/config/load.go,158,internal/config,good,5,3,8,adequate,1,,66.7,1,1,False,,
Bundle.mergeConfigDocuments,internal/config/load.go,169,internal/config,nit,4,4,8,strong,347,TestContextNamedTwiceInOneDocumentIsRefused,95.7,4,6,False,,"The string path 'at' is shadowed by an int index also called 'at', so b.Config.Contexts[at] is easy to misread."
Bundle.Context,internal/config/load.go,204,internal/config,nit,4,3,7,adequate,344,TestUnknownContextAndCluster,90.0,4,5,False,,"The doc says an empty name returns the current context. When currentContext is not set and only one context is configured, that context is returned as well."
Bundle.ContextNames,internal/config/load.go,224,internal/config,good,5,2,7,weak,3,,100.0,,,False,,
documentName,internal/config/load.go,233,internal/config,good,5,4,9,strong,354,,100.0,1,1,False,,
names,internal/config/load.go,243,internal/config,good,5,3,8,adequate,1,,100.0,,,False,,
dirOf,internal/config/load.go,254,internal/config,good,5,3,8,adequate,339,,66.7,1,1,False,,
NewTree,internal/config/merge.go,22,internal/config,good,5,3,8,adequate,342,,100.0,,,True,,
Tree.Data,internal/config/merge.go,27,internal/config,good,5,3,8,adequate,339,,100.0,,,True,,
Tree.Origin,internal/config/merge.go,30,internal/config,good,5,4,9,strong,324,TestResolveLayerPrecedence TestResolveRecordsFilePositions TestWorkstationLayer,100.0,,,True,,
Tree.Value,internal/config/merge.go,39,internal/config,good,5,3,8,adequate,9,TestDottedKeysStayOneKey,100.0,,,True,,
lookupKeys,internal/config/merge.go,43,internal/config,nit,4,2,6,weak,9,TestDottedKeysStayOneKey,83.3,4,5,False,,"No doc comment, and it nearly duplicates lookup (238-254), which splits strictly. The same file has two path readers with different dotted-key semantics, which invites using the wrong one."
Tree.Origins,internal/config/merge.go,64,internal/config,nit,4,2,6,weak,1,TestConfigViewPrintsTheMergedConfiguration,100.0,,,False,,"The comment says 'returns every recorded path in sorted order', but it returns an unordered map[string]Origin. The sorting comes from Paths."
Tree.Paths,internal/config/merge.go,73,internal/config,good,5,2,7,weak,2,TestConfigViewPrintsTheMergedConfiguration,100.0,,,False,,
Tree.MergeDocument,internal/config/merge.go,89,internal/config,nit,4,3,7,adequate,342,TestResolveLayers,100.0,,,True,,"The comment describes a 'prefix' parameter that does not exist and never explains into, the destination path in the tree (cluster fields land under slurm, groups and bootPaths)."
Tree.MergeDocumentExcept,internal/config/merge.go,100,internal/config,good,4,2,6,weak,342,,100.0,2,4,False,,"The only call (effective.go:129) passes ""spec"", ""workstation"", ""overrides"" positionally after the layer, so the roles cannot be read at the call site. Cosmetic."
contains,internal/config/merge.go,119,internal/config,nit,4,3,7,adequate,321,,100.0,3,3,False,,"Duplicates slices.Contains (Go 1.26, already used in app, groups and mcpserver) and an identical copy in internal/redfish/system.go:232."
Tree.MergeMap,internal/config/merge.go,129,internal/config,nit,4,0,4,none,0,,0.0,,,True,downgraded,"Exported method with no caller in the repo or its tests. Values it merged would carry an Origin with only a layer, which config explain would show without a source."
docOrigin,internal/config/merge.go,138,internal/config,good,5,3,8,adequate,342,,100.0,,,True,,
fixedOrigin,internal/config/merge.go,144,internal/config,good,5,3,8,adequate,76,,100.0,,,True,,
Tree.mergeValue,internal/config/merge.go,151,internal/config,bug,2,3,5,adequate,342,TestResolveRecordsFilePositions TestOverrideMappingMergesKeyByKey TestDottedKeysStayOneKey,94.1,1,2,False,upheld,"Origins are keyed by the dot-joined path. Static groups gpu and gpu.a100: merging gpu.a100 deletes gpu's origin (HasPrefix(path, p+""."")). Reproduced: config explain groups.sources.static.static.gpu says 'nothing is set', and view --show-sources drops the row."
Tree.SetPath,internal/config/merge.go,185,internal/config,nit,4,4,8,strong,76,TestResolveLayerPrecedence,100.0,,,True,,"o.Layer is thrown away (override clears it and mergeValue sets it from layer), yet all three callers (effective.go:151, 247, 266) fill it with the same value as layer. The same fact comes from two sources."
Tree.override,internal/config/merge.go,192,internal/config,nit,4,3,7,adequate,323,,77.8,4,6,False,,"applyOverrides, applyContextOverrides (twice) and SetPath all pass at == from(srcPath), so at can be derived. A future caller could pass a mismatched pair and report errors at one place while attributing the value to another."
Tree.set,internal/config/merge.go,210,internal/config,nit,4,3,7,adequate,342,,75.0,2,3,False,,"mergeValue never passes a map to set, so the branch that replaces the root cannot fire. For an empty path with a scalar, set silently drops the value while mergeValue still records origins[""""]."
splitPath,internal/config/merge.go,230,internal/config,good,5,3,8,adequate,351,,100.0,1,1,False,,
lookup,internal/config/merge.go,238,internal/config,good,5,3,8,adequate,355,,90.9,3,3,False,,
joinPath,internal/config/merge.go,256,internal/config,good,5,3,8,adequate,356,,80.0,2,2,False,,
validatePath,internal/config/merge.go,267,internal/config,good,5,1,6,incidental,332,,75.0,1,2,False,,
ParseSetValue,internal/config/merge.go,279,internal/config,nit,4,3,7,adequate,76,TestParseSetValue,66.7,2,3,False,,The wrapper leaks. Environment errors read 'CLUSTERCTL_X: invalid value ...: --set: [1:8] ... value: a: b'. A raw value containing a newline ('1\nextra: 2') silently returns 1 and drops the rest (verified).
FormatValue,internal/config/merge.go,291,internal/config,nit,4,2,6,weak,10,,80.0,0,1,False,,"Sequence elements are joined unquoted, so [""a,b"",""c""] and [a,b,c] both render '[a,b,c]' (verified), and a string 'null' renders like nil. This contradicts the paste-back reason given for maps. Only table output is affected."
buildEffectiveSchema,internal/config/overrides.go,35,internal/config,nit,4,3,7,adequate,332,,68.4,4,5,False,,"The Marshal/UnmarshalJSON/AddResource/Compile pipeline duplicates buildSchemas (schema.go:66-88). Unlike that function it leaves the Compile error unwrapped, and labels an AddResource failure as 'compiling'."
checkOverride,internal/config/overrides.go,71,internal/config,nit,4,4,8,strong,332,TestOverrideValueIsValidated TestOverrideKeysAreCaseSensitive,88.9,4,4,False,,"Undocumented precondition: an empty path panics at tree.(map[string]any) or keys[0]. Both callers run validatePath first, but the guard lives elsewhere. at.Layer is also cleared twice."
checkDocumentOverrides,internal/config/overrides.go,105,internal/config,good,5,3,8,adequate,353,TestOverrideKeysAreCaseSensitive TestOverrideValueIsValidated,90.0,4,5,False,,
listSeparator,internal/config/paths.go,31,internal/config,nit,4,3,7,adequate,12,,66.7,,,True,,"Re-derives os.PathListSeparator by hand, and the tests already build their lists with os.PathListSeparator. filepath.SplitList does the same job, handles quoted entries on Windows and returns an empty slice for an empty string."
ConfigDirs,internal/config/paths.go,40,internal/config,good,5,2,7,weak,3,TestConfigInitDefaultsToTheUserConfigDirectory,100.0,1,1,False,,
UserConfigDir,internal/config/paths.go,50,internal/config,good,5,2,7,weak,25,TestConfigInitDefaultsToTheUserConfigDirectory,66.7,2,4,False,,
StateDir,internal/config/paths.go,63,internal/config,good,5,5,10,strong,2,TestStateAndCacheDirsNeedAHome,100.0,,,True,,
CacheDir,internal/config/paths.go,69,internal/config,good,5,5,10,strong,1,TestStateAndCacheDirsNeedAHome,100.0,,,True,,
xdgDir,internal/config/paths.go,80,internal/config,nit,4,5,9,strong,2,TestStateAndCacheDirsNeedAHome,100.0,3,3,False,,"When HOME is set but relative (the test's 'relative home' case), the error still says 'HOME is not set', which misleads the administrator about what to fix."
ExpandPath,internal/config/paths.go,92,internal/config,nit,4,3,7,adequate,370,TestPathResolvesAgainstTheSiteDocument TestCommandLinePathsResolveAgainstTheWorkingDirectory,87.5,2,4,False,,"The doc says a relative path is made absolute against base. With base """" (5 of 6 callers) it returns a relative cleaned path, so three callers wrap it in filepath.Abs themselves."
SearchPath,internal/config/paths.go,110,internal/config,good,5,4,9,strong,12,TestAMisspelledConfigIsReported,100.0,1,1,False,,
ExpandSearchDirs,internal/config/paths.go,120,internal/config,good,5,4,9,strong,2,TestConfigInitRefusesToShadowTheSearchPath,100.0,,,True,,
SearchEntries,internal/config/paths.go,127,internal/config,good,5,3,8,adequate,3,TestConfigInitSaysHowToReadAnotherDirectory,100.0,1,1,False,,
EnvEntries,internal/config/paths.go,136,internal/config,good,5,3,8,adequate,14,TestConfigInitRefusesSeveralPlaces,100.0,2,2,False,,
ExpandEntries,internal/config/paths.go,154,internal/config,good,5,4,9,strong,365,TestHiddenFilesAreNotConfiguration TestAMisspelledConfigIsReported,100.0,,,True,,
expandEntries,internal/config/paths.go,160,internal/config,nit,4,4,8,strong,367,TestAMisspelledConfigIsReported TestConfigurationOthersCanWriteIsRefused TestAnotherUsersConfigurationIsRefused TestHiddenFilesAreNotConfiguration,90.0,7,8,False,,"checkTrusted(entry) appears in both the file and the directory branch. The CheckTrustedParent call wraps its error with the same 'refusing to read configuration' prefix by hand, duplicating checkTrusted."
checkTrusted,internal/config/paths.go,209,internal/config,good,5,4,9,strong,366,TestConfigurationOthersCanWriteIsRefused TestAnotherUsersConfigurationIsRefused,100.0,,,True,,
yamlFilesIn,internal/config/paths.go,218,internal/config,good,5,4,9,strong,366,TestHiddenFilesAreNotConfiguration,90.0,3,4,False,,
ScaffoldDefaults,internal/config/scaffold.go,44,internal/config,good,5,4,9,strong,345,TestScaffoldResolvesOnItsOwn,100.0,,,True,,
Scaffold,internal/config/scaffold.go,66,internal/config,good,5,3,8,adequate,22,TestScaffoldResolvesOnItsOwn TestScaffoldWritesTheValuesGiven TestScaffoldKeepsNamesThatLookLikeOtherTypes TestScaffoldRejectsWhatCannotBeAName TestScaffoldPointsEditorsAtTheSchema TestScaffoldQuotesEveryName,82.8,5,8,False,,
ScaffoldOptions.withDefaults,internal/config/scaffold.go,119,internal/config,good,5,5,10,strong,22,TestScaffoldResolvesOnItsOwn TestScaffoldWritesTheValuesGiven,100.0,3,3,False,,
ScaffoldOptions.check,internal/config/scaffold.go,149,internal/config,good,5,5,10,strong,22,TestScaffoldRejectsWhatCannotBeAName,100.0,5,5,False,,
yamlScalar,internal/config/scaffold.go,171,internal/config,nit,4,5,9,strong,21,TestScaffoldQuotesEveryName TestScaffoldKeepsNamesThatLookLikeOtherTypes,100.0,,,True,,The wrapper exists only to add an error return that is always nil. template.FuncMap accepts a function with a single result.
QuoteYAML,internal/config/scaffold.go,175,internal/config,good,5,3,8,adequate,23,TestScaffoldQuotesEveryName,100.0,,,True,,
schemaURL,internal/config/scaffold.go,179,internal/config,nit,4,4,8,strong,21,TestScaffoldPointsEditorsAtTheSchema,66.7,1,2,False,,"schemaID + strings.ToLower(kind) + "".json"" is repeated from buildSchemas L63. The editor comment and the published $id could drift apart."
kindTypes,internal/config/schema.go,37,internal/config,good,5,4,9,strong,359,,100.0,,,True,,
buildSchemas,internal/config/schema.go,48,internal/config,nit,4,3,7,adequate,359,,69.2,4,6,False,,"The Marshal, UnmarshalJSON, NewCompiler, AddResource, Compile sequence is repeated almost line for line in overrides.go L50-65. Error wording and compile options can drift between the two."
loadSchemas,internal/config/schema.go,92,internal/config,good,5,3,8,adequate,359,,100.0,,,True,,
SchemaJSON,internal/config/schema.go,99,internal/config,good,5,4,9,strong,3,TestSchemaJSON TestConfigSchemaIsUsableByAnEditor,83.3,3,4,False,,
SchemaKinds,internal/config/schema.go,111,internal/config,good,5,4,9,strong,2,,100.0,,,True,,
ValidateDocument,internal/config/schema.go,115,internal/config,nit,4,4,8,strong,357,TestValidationReportsPositionAndSuggestion TestValidationRejectsWrongTypesAndVersions TestOnlyASecretMayBeEncrypted,90.0,6,7,False,,"sort.Strings orders 'file:line:col' as text, so line 10 is listed before line 6. Verified: config validate printed site.yaml:10:5 before site.yaml:6:3."
describe,internal/config/schema.go,155,internal/config,good,5,3,8,adequate,13,TestValidationRejectsWrongTypesAndVersions,100.0,2,2,False,,
unknownKeys,internal/config/schema.go,175,internal/config,nit,4,4,8,strong,356,TestValidationReportsPositionAndSuggestion TestOverrideKeysAreCaseSensitive TestFieldsNothingReadsAreRefused,96.6,4,6,False,,"root and schema are both *jsonschema.Schema and sit next to each other, so a swap at the recursive call sites compiles silently. doc and root are threaded unchanged through every recursion."
resolveRef,internal/config/schema.go,228,internal/config,good,5,3,8,adequate,356,,85.7,3,4,False,,
isFalseSchema,internal/config/schema.go,242,internal/config,good,5,3,8,adequate,356,,83.3,4,6,False,,
propertyNames,internal/config/schema.go,253,internal/config,good,5,3,8,adequate,5,,85.7,2,2,False,,
suggest,internal/config/schema.go,267,internal/config,good,5,3,8,adequate,5,TestValidationReportsPositionAndSuggestion TestOverrideKeysAreCaseSensitive,87.5,2,4,False,,
quoteAll,internal/config/schema.go,284,internal/config,good,5,1,6,incidental,2,,100.0,,,True,,
editDistance,internal/config/schema.go,292,internal/config,good,5,3,8,adequate,5,,100.0,2,3,False,,
instancePath,internal/config/schema.go,313,internal/config,bug,2,2,4,weak,10,,100.0,1,3,False,upheld,"A digit-only map key such as spec.networks ""100"" is rendered as spec.networks[100]. Position misses the recorded key and falls back to the parent. Verified: config validate reported site.yaml:6:3 (networks:) instead of 8:5."
displayPath,internal/config/schema.go,329,internal/config,good,5,2,7,weak,13,,66.7,,,True,,
toJSON,internal/config/schema.go,337,internal/config,nit,4,3,7,adequate,356,,85.7,,,False,downgraded,"santhosh-tekuri/jsonschema v6 types int64, uint64 and float64 as numbers and checks integer and minimum on them directly. The parser never yields int or a uint64 above MaxInt64. The function only copies each document and its doc comment is inaccurate."
dedup,internal/config/schema.go,364,internal/config,nit,4,2,6,weak,356,,87.5,1,3,False,,"The name does not say that empty strings are dropped, and nothing documents that the input slice is overwritten in place."
encryptOnlyValues,internal/config/secretdoc.go,25,internal/config,nit,4,4,8,strong,1,TestSecretDocumentMistakesAreReportedWhereWritten,100.0,,,True,,The verb-phrase name suggests it encrypts something; it only builds the hint text that messages embed at L40 and L63.
checkSopsDocument,internal/config/secretdoc.go,32,internal/config,good,5,4,9,strong,357,TestSecretDocumentMistakesAreReportedWhereWritten TestOnlyASecretMayBeEncrypted,100.0,5,5,False,,
checkSecret,internal/config/secretdoc.go,53,internal/config,nit,4,3,7,adequate,356,TestSecretDocumentMistakesAreReportedWhereWritten,100.0,4,4,False,,"The doc lists three checks (not encrypted, value added later, key twice). The function also reports a missing metadata.name (L58-60) and a non-str sops type tag (L81-88)."
checkSecretFile,internal/config/secretdoc.go,98,internal/config,good,5,4,9,strong,357,TestSecretDocumentMistakesAreReportedWhereWritten,100.0,6,6,False,,A Secret plus one other document produces 'move the other 1 documents out'. Cosmetic.
isSopsValue,internal/config/secretdoc.go,121,internal/config,nit,4,3,7,adequate,332,,100.0,,,True,,"Its doc promises the same thing as secrets.SopsValueType, but the two can disagree (""ENC[x]"" is true here, false there). A reader cannot tell whether the looser check is deliberate."
SecretKeys,internal/config/secretdoc.go,127,internal/config,good,4,4,8,strong,319,TestSecretDocumentIsIndexedWithoutAKey,100.0,,,False,,"Each section is sorted by sortedKeys, then the whole list is sorted again. The sorted order that the CLI output and error messages rely on is not stated in the doc."
SecretSections,internal/config/secretdoc.go,139,internal/config,good,5,3,8,adequate,13,,100.0,,,True,,
SecretValues,internal/config/secretdoc.go,146,internal/config,nit,4,4,8,strong,12,TestSecretValuesDecodesBinaryData,94.7,4,6,False,,"config.SecretValues(file, sections) and App.SecretValues(name) have the same name but different jobs (decode vs decrypt), and the first is called inside the second."
secretRefs,internal/config/secretdoc.go,176,internal/config,nit,4,4,8,strong,339,TestSecretRefsAreCheckedWhenResolving,100.0,2,2,False,,"namedRef.item is set but never read. The unknown-Secret and unknown-key messages for cinc files therefore name neither the list index nor the item's line, only the target and the list's origin."
Resolved.checkSecretRefs,internal/config/secretdoc.go,211,internal/config,nit,4,4,8,strong,339,TestSecretRefsAreCheckedWhenResolving,100.0,4,5,False,,Reproduced: a secret file with both source and secretRef set is reported as 'the configuration refers to secrets that do not exist: ... exactly one of source and secretRef must be set'. The headline misstates that problem.
sortedKeys,internal/config/secretdoc.go,239,internal/config,nit,4,2,6,weak,353,,100.0,,,False,,"The non-generic type caused three near-copies in this package (L248-255, load.go:243-250, L150-154). The generic version (transport/sshconfig.go:752) and slices.Sorted(maps.Keys) are already used in the repo."
sortedCredentials,internal/config/secretdoc.go,248,internal/config,nit,4,2,6,weak,339,,100.0,,,False,,"Repeats sortedKeys (L239-246) word for word, differing only in the value type. Its one caller (L178) could use a generic sortedKeys."
Credential.Password,internal/credentials/credentials.go,40,internal/credentials,good,5,5,10,strong,40,TestFromEnvironment TestPasswordDoesNotLeakIntoOutput,100.0,,,True,,
Credential.String,internal/credentials/credentials.go,43,internal/credentials,nit,4,4,8,strong,1,TestPasswordDoesNotLeakIntoOutput,100.0,,,True,,"fmt's %#v ignores String and prints credentials.Credential{Name:""b"", Username:""u"", password:""hunter2""} (checked with a probe test). The Password doc comment promises that formatting a credential does not carry the password."
Resolver.Get,internal/credentials/credentials.go,80,internal/credentials,nit,4,4,8,strong,48,TestPasswordIsReadOncePerProcess TestConcurrentLookupsReadOnce TestUnknownCredentialListsTheKnownOnes TestFromEnvironment,100.0,7,7,False,,"mu is only ever taken while `reading` is held (in Get and, through read, in identities), so it adds a lock and unlock pair with no protection. That makes the concurrency story harder to follow."
Resolver.names,internal/credentials/credentials.go,114,internal/credentials,nit,4,3,7,adequate,1,TestUnknownCredentialListsTheKnownOnes,100.0,,,False,,"A probe with credentials a–d gave 'd, a, b, c', then 'a, b, c, d', then 'c, d, a, b' on successive runs. The error from --set bmc.credential=typo is not reproducible, unlike the codebase's sorted listings."
Resolver.read,internal/credentials/credentials.go,122,internal/credentials,bug,2,3,5,adequate,47,TestFromEnvironment TestFromFileAndCommand TestExactlyOneSourceIsRequired TestUnsetEnvironmentIsReported TestFromSecretRef TestHelperHasNoTerminalWithoutOne TestRelativeHelperResolvesAgainstTheSite,78.2,8,8,False,upheld,"An empty password file, a file whose first line is blank ('\nhunter2'), or a helper that exits 0 with no output makes Get return an empty password with no error (confirmed by a probe). Redfish then sends empty Basic auth to every BMC, and IPMI rejects it without naming the source."
Resolver.identities,internal/credentials/credentials.go,220,internal/credentials,rework,3,0,3,none,0,,0.0,,,False,upheld,"This duplicates internal/app/secrets.go:32-56. ADR 0019 records it as open work (#90 measure 19). Identity paths go through Resolver.path, so '~user/key' resolves differently from the App copy."
Resolver.path,internal/credentials/credentials.go,238,internal/credentials,bug,2,2,4,weak,2,TestRelativeHelperResolvesAgainstTheSite,50.0,2,3,False,upheld,"With HOME=/home/alice, File '~bob/pw' becomes /home/alicebob/pw (confirmed by a probe). A Command '~bob/bin/helper' would run /home/alicebob/bin/helper, the planted-path risk that TestRelativeHelperResolvesAgainstTheSite guards against. config.ExpandPath expands only '~' and '~/'."
firstLine,internal/credentials/credentials.go,253,internal/credentials,good,5,3,8,adequate,3,,66.7,1,1,False,,
Parse,internal/dhcp/dhcp.go,65,internal/dhcp,good,5,4,9,strong,7,TestParseReadsHostDeclarations TestParseReadsEveryLayoutDhcpdAccepts TestParseRefusesWhatItDoesNotUnderstand TestParseReportsAnUnclosedDeclaration FuzzParse,100.0,,,True,,
ParseFile,internal/dhcp/dhcp.go,71,internal/dhcp,good,5,4,9,strong,28,TestParseFileFollowsInclude,100.0,2,2,False,,
parse,internal/dhcp/dhcp.go,79,internal/dhcp,good,4,3,7,adequate,31,,100.0,2,3,False,,"Hosts are sorted by name, but Parse, ParseFile and Config.Hosts do not say so. Lookup's order (the own declaration before -ib or -bmc) depends on it."
tokenize,internal/dhcp/dhcp.go,112,internal/dhcp,nit,4,3,7,adequate,31,,94.0,7,8,False,,"Only \"" and \\ are decoded, while dhcpd also decodes \t, \n, octal and hex. `filename ""a\tb""` yields a literal a\tb: a silent guess where the package promises an error."
parser.errorf,internal/dhcp/dhcp.go,206,internal/dhcp,good,5,3,8,adequate,5,,100.0,2,2,False,,
parser.run,internal/dhcp/dhcp.go,214,internal/dhcp,nit,4,3,7,adequate,31,,85.7,3,5,False,,Location formats are inconsistent (verified): '/a.conf: line 1: a quoted string is not closed' versus '/b.conf:2: the statement ... is not ended with ;'.
parser.block,internal/dhcp/dhcp.go,228,internal/dhcp,nit,4,3,7,adequate,31,TestParseRefusesWhatItDoesNotUnderstand,90.7,5,8,False,,"Because open is 0 for a file, an included file past maxDepth fails here with '/f65.conf:0: blocks nest more than 64 deep' (verified with 65 chained includes). The message cites line 0 and blocks, not the include."
parser.statement,internal/dhcp/dhcp.go,301,internal/dhcp,good,5,3,8,adequate,22,,91.3,6,8,False,,
parser.record,internal/dhcp/dhcp.go,342,internal/dhcp,good,4,3,7,adequate,2,TestParseReadsEveryLayoutDhcpdAccepts,81.8,0,3,False,,"The doc says a record holds only words and commas, but strings are accepted and comments are skipped."
parser.host,internal/dhcp/dhcp.go,363,internal/dhcp,good,4,3,7,adequate,22,TestParseRefusesWhatItDoesNotUnderstand TestParseReportsAnUnclosedDeclaration TestParseReadsHostDeclarations,95.8,7,8,False,,"Statement errors become 'in the host declaration ""a"": /b.conf:2: the statement ...'. These are the only errors whose location is not the prefix; cosmetic."
parser.apply,internal/dhcp/dhcp.go,404,internal/dhcp,nit,4,2,6,weak,22,,73.3,3,8,False,downgraded,"`allow booting; allow bootp; supersede domain-name ""x""; supersede routers 10.0.0.1;` yields {allow: bootp, supersede: routers 10.0.0.1} (verified). The earlier statements silently vanish from the JSON/YAML output of dhcp config and dhcp hosts."
parser.include,internal/dhcp/dhcp.go,460,internal/dhcp,nit,4,2,6,weak,3,TestParseFileFollowsInclude,85.7,3,8,False,,"Dead code: include runs only inside a block that passed p.depth <= maxDepth, so this never fires. The limit fires instead in sub.block(0) as '/f65.conf:0: blocks nest more than 64 deep' (verified)."
join,internal/dhcp/dhcp.go,502,internal/dhcp,nit,4,2,6,weak,5,,77.8,2,3,False,,"The doc says 'for display', but the result is the stored value of Options and ClientIdentifier. Unquoting makes text and hex client identifiers indistinguishable (verified: ""ab"" and ab both give ab)."
describe,internal/dhcp/dhcp.go,518,internal/dhcp,good,5,3,8,adequate,3,,66.7,1,1,False,,
Config.Lookup,internal/dhcp/dhcp.go,552,internal/dhcp,good,5,4,9,strong,25,TestLookupFindsEveryInterfaceOfANode,100.0,1,1,False,,
Config.Mentions,internal/dhcp/dhcp.go,566,internal/dhcp,good,5,3,8,adequate,7,TestLookupFindsEveryInterfaceOfANode,100.0,2,3,False,,Removing the exclusion of own-named declarations passes every dhcp and cli test. A node whose own declaration carries a comment naming it would then be listed twice.
matchName,internal/dhcp/dhcp.go,579,internal/dhcp,good,5,3,8,adequate,16,,100.0,5,7,False,,
mentions,internal/dhcp/dhcp.go,594,internal/dhcp,good,5,2,7,weak,5,,100.0,8,8,False,,"Whole-word matching is never asserted: replacing it with strings.Contains(comment, node) passes every dhcp and cli test."
Config.BootAddress,internal/dhcp/dhcp.go,627,internal/dhcp,good,5,5,10,strong,13,TestBootAddress,100.0,6,6,False,,
GUIDFromMAC,internal/dhcp/dhcp.go,663,internal/dhcp,nit,4,4,8,strong,9,TestGUIDFromMAC,100.0,4,4,False,,"The package doc says package dhcp reads dhcpd configuration. Deriving an InfiniBand GUID is unrelated, and only cli/fabric.go calls it."
Errorf,internal/exitcode/exitcode.go,40,internal/exitcode,good,5,4,9,strong,167,TestFrom,100.0,,,True,,
Wrap,internal/exitcode/exitcode.go,45,internal/exitcode,good,5,5,10,strong,191,TestFrom TestErrorUnwrapsToCause,100.0,2,2,False,,
Error.Error,internal/exitcode/exitcode.go,52,internal/exitcode,good,5,5,10,strong,162,TestErrorUnwrapsToCause,100.0,,,True,,
Error.Unwrap,internal/exitcode/exitcode.go,54,internal/exitcode,good,5,5,10,strong,208,TestErrorUnwrapsToCause,100.0,,,True,,
From,internal/exitcode/exitcode.go,58,internal/exitcode,good,5,5,10,strong,209,TestFrom,100.0,2,2,False,,
Executor.Run,internal/fanout/fanout.go,40,internal/fanout,nit,4,5,9,strong,27,TestRunKeepsTargetOrder TestRunBoundsConcurrency TestRunReportsEveryTargetOnFailure TestRunHonoursCancellation TestRunStartsNothingOnceCancelled TestRunWithNoTargets,100.0,,,True,downgraded,"Run(ctx, ts, Request{Stdin: r}) hands one reader to every concurrent target. The first to read drains it, the rest get EOF, and the reads race. The doc comment does not warn, and runWithPayload in cli/exec.go exists to avoid exactly this."
Executor.RunEach,internal/fanout/fanout.go,50,internal/fanout,good,5,4,9,strong,50,TestRunKeepsTargetOrder TestRunBoundsConcurrency TestRunStartsNothingOnceCancelled TestRunHonoursCancellation,100.0,6,6,False,,
Executor.runOne,internal/fanout/fanout.go,96,internal/fanout,good,5,4,9,strong,49,TestRunTurnsAPanicIntoThatTargetsFailure,90.9,3,3,False,,
Failures,internal/fanout/fanout.go,116,internal/fanout,good,5,4,9,strong,38,TestRunReportsEveryTargetOnFailure,100.0,1,1,False,,
Succeeded,internal/fanout/fanout.go,127,internal/fanout,rework,2,3,5,adequate,1,TestRunReportsEveryTargetOnFailure,100.0,1,1,False,upheld,"Line 131 `_ = ns.Add(r.Target.Name)`: a probe gave Len 2 for 'exe[2-3]', and silently dropped 'a,b[' and a Host-only target. GroupByOutput guards this with hostname.Check and a Host fallback (lines 199-208). The function is used only by its test."
Status,internal/fanout/fanout.go,140,internal/fanout,nit,4,4,8,strong,24,TestGroupByOutputKeepsApartWhatEndedDifferently,85.7,1,3,False,,"The doc comment lists ok, exit N, unreachable and interrupted. The function also returns 'failed' (for example ExitCode -1 or context.DeadlineExceeded) and 'no result' for nil, and callers print these."
GroupByOutput,internal/fanout/fanout.go,185,internal/fanout,good,5,3,8,adequate,7,TestGroupByOutput TestGroupByOutputKeepsApartWhatEndedDifferently TestGroupByOutputRefusesWhatIsNotAHostName,91.3,5,8,False,,
Recovered,internal/fanout/recover.go,30,internal/fanout,good,5,4,9,strong,66,TestRunTurnsAPanicIntoThatTargetsFailure,100.0,2,2,False,,
untrustedError.Error,internal/fileutil/fileutil.go,29,internal/fileutil,good,5,3,8,adequate,5,,100.0,,,True,,
untrustedError.Is,internal/fileutil/fileutil.go,30,internal/fileutil,good,5,3,8,adequate,9,,100.0,,,True,,
untrusted,internal/fileutil/fileutil.go,32,internal/fileutil,good,4,3,7,adequate,10,,100.0,,,True,,"Takes a format string but lacks the conventional 'f' suffix (Errorf, Sprintf). Cosmetic, since vet infers printf wrappers anyway."
WriteAtomic,internal/fileutil/fileutil.go,49,internal/fileutil,good,5,3,8,adequate,95,TestWriteAtomic TestWriteAtomicKeepsModeAndGroup TestWriteAtomicKeepsOwnerAndGroupAsRoot TestWriteAtomicWritesThroughALink TestWriteAtomicRefusesAnotherUsersLink,74.3,5,8,False,,
keepOwner,internal/fileutil/fileutil.go,112,internal/fileutil,good,5,2,7,weak,17,,85.7,2,5,False,,
syncDir,internal/fileutil/fileutil.go,125,internal/fileutil,good,5,2,7,weak,94,,85.7,0,4,False,,
resolve,internal/fileutil/fileutil.go,141,internal/fileutil,bug,2,3,5,adequate,96,,82.4,4,7,False,upheld,"Verified: base/a_link -> base/x/y and y/file -> ../other. The kernel reads base/x/other, but resolve returns base/other. WriteAtomic and Update then create a stray base/other with empty 'current' content and leave the real target untouched."
WriteNew,internal/fileutil/fileutil.go,172,internal/fileutil,nit,4,2,6,weak,12,TestWriteNewNeverReplacesAFile,66.7,2,6,False,,"It calls f.Sync but never syncDir. The file's existence is not durable across a crash, which is inconsistent with WriteAtomic's documented durability steps."
Update,internal/fileutil/fileutil.go,198,internal/fileutil,good,5,3,8,adequate,19,TestUpdateSerialises TestUpdateReportsChangeErrors TestWriteAtomicWritesThroughALink,78.6,5,7,False,,
Lock,internal/fileutil/fileutil.go,230,internal/fileutil,rework,3,3,6,adequate,22,TestLockIsSharedWithTheGroup,81.2,3,6,False,downgraded,"Verified: while another process holds the lock, Lock returns 'locking X: context deadline exceeded' after 30s. The !ok branch with 'another clusterctl is holding the lock' can never run, because flock's tryCtx returns ctx.Err() on timeout."
lockMode,internal/fileutil/fileutil.go,255,internal/fileutil,good,5,3,8,adequate,22,,90.9,2,3,False,,
shareLock,internal/fileutil/fileutil.go,277,internal/fileutil,good,5,3,8,adequate,22,,70.0,3,4,False,,
EnsureDir,internal/fileutil/fileutil.go,299,internal/fileutil,nit,4,4,8,strong,352,TestEnsureDirRefusesADirectoryOthersCanWrite TestEnsureDirRefusesAnotherUsersDirectory,80.0,7,8,False,,"Callers (tunnel, mcpserver, transport) can't tell from the name that a group-writable or root-owned directory is refused, which is the function's main purpose."
CheckTrusted,internal/fileutil/fileutil.go,332,internal/fileutil,good,5,4,9,strong,370,TestCheckTrusted TestCheckTrustedRefusesAnotherUsersFile,87.5,5,6,False,,
CheckTrustedParent,internal/fileutil/fileutil.go,351,internal/fileutil,good,4,4,8,strong,265,TestCheckTrusted,85.7,3,5,False,,"'checks the directory holding path, whoever could replace path' does not parse."
trustedOwner,internal/fileutil/fileutil.go,364,internal/fileutil,good,5,4,9,strong,372,,100.0,2,2,False,,
CopyTo,internal/fileutil/fileutil.go,374,internal/fileutil,rework,3,0,3,none,0,,0.0,,,False,upheld,"Dead exported function: rg finds no caller. The doc's 'new file with the given permission' contradicts WriteAtomic's overwrite and keep-mode behaviour, so a future caller expecting WriteNew-like semantics would silently clobber a file."
owner,internal/fileutil/owner_other.go,11,internal/fileutil,good,5,0,5,none,0,,,,,True,,
owner,internal/fileutil/owner_unix.go,14,internal/fileutil,good,5,3,8,adequate,419,,75.0,2,3,False,,
sentinelError.Error,internal/groups/groups.go,63,internal/groups,good,5,3,8,adequate,8,,100.0,,,True,,
sentinelError.Is,internal/groups/groups.go,64,internal/groups,good,5,3,8,adequate,7,,100.0,,,True,,
notDefined,internal/groups/groups.go,66,internal/groups,good,4,3,7,adequate,8,,100.0,,,True,,"Printf-style helper whose name does not end in f, against Go convention and the repo's own exitcode.Errorf. Readers may not expect format verbs. Cosmetic only; vet still infers printf wrappers."
New,internal/groups/groups.go,113,internal/groups,nit,4,3,7,adequate,323,TestSourcesAndDefault,62.5,0,2,False,,"A DefaultSource that names no configured source is accepted here, and no config validation checks it either. Every bare @group and @* then fails at use with 'unknown group source' instead of at load or config validate."
Resolver.DefaultSource,internal/groups/groups.go,139,internal/groups,good,5,4,9,strong,1,TestSourcesAndDefault,100.0,,,True,,
Resolver.Sources,internal/groups/groups.go,142,internal/groups,good,5,5,10,strong,22,TestSourcesAndDefault,100.0,,,False,,
Resolver.Resolve,internal/groups/groups.go,158,internal/groups,good,5,3,8,adequate,39,TestBareGroupSearch TestAStaleListDoesNotPassTheSearchOn TestUnknownGroupIsReported,94.4,6,8,False,,
Resolver.resolveIn,internal/groups/groups.go,185,internal/groups,good,5,3,8,adequate,40,TestAttributeSource TestStaticSourceAndNesting TestExecSourceSubstitutesArgumentsNotShellWords,88.0,7,8,False,,
Resolver.All,internal/groups/groups.go,231,internal/groups,nit,4,2,6,weak,1,TestListAndAll,64.0,1,8,False,,"With several sources and no defaultSource, r.def is empty, so @* fails with 'unknown group source """" (known: ...)'. The message does not say the default is missing or that a source should be named."
Resolver.List,internal/groups/groups.go,273,internal/groups,good,5,3,8,adequate,12,TestListAndAll TestExecListIsCached,86.4,6,8,False,,
Resolver.execFailed,internal/groups/groups.go,317,internal/groups,nit,4,4,8,strong,11,TestBareGroupSearch TestAStaleListDoesNotPassTheSearchOn,100.0,5,5,False,,"The name does not say it may send a second ssh command (the uncached list) or turn the error into ErrNotDefined. r.sources[name] is also looked up twice (L319, L324)."
Resolver.GroupsOf,internal/groups/groups.go,339,internal/groups,good,5,4,9,strong,8,TestGroupsOf TestGroupsOfKeepsWhatTheOtherSourcesFound,100.0,2,3,False,,
Resolver.groupsIn,internal/groups/groups.go,355,internal/groups,good,5,3,8,adequate,8,,77.3,4,8,False,,
Resolver.execCached,internal/groups/groups.go,392,internal/groups,good,5,4,9,strong,22,TestExecResultsAreCached TestExecListIsCached TestDiskCacheIsKeptPerScopeHostAndGroup,100.0,7,8,False,,
Resolver.exec,internal/groups/groups.go,417,internal/groups,good,5,3,8,adequate,14,,75.0,1,2,False,,
Resolver.prepare,internal/groups/groups.go,427,internal/groups,good,5,3,8,adequate,27,TestExecSourceSubstitutesArgumentsNotShellWords TestExecSourceNeedsARole TestExecSourceQuotesHostileGroupNames,84.2,5,8,False,,
Resolver.run,internal/groups/groups.go,463,internal/groups,nit,4,4,8,strong,26,TestExecSourceBoundsItsCommands TestFailingGroupCommandKeepsItsMessage TestFailingGroupCommandEscapesItsMessage,100.0,6,6,False,,"An uncoded result.Err with exit code 0 (transport's 'output was cut off' error) is replaced by '<cmd> exited 0: <first stdout line>', which drops the real reason. Only reachable with over 32 MiB of output."
firstLine,internal/groups/groups.go,484,internal/groups,good,4,2,6,weak,2,,80.0,1,1,False,,The name suggests the first line of one string. When all candidates are blank it returns a fallback sentence the caller cannot tell apart. Cosmetic.
fields,internal/groups/groups.go,497,internal/groups,good,5,3,8,adequate,20,,100.0,,,True,,
cacheKey,internal/groups/groups.go,505,internal/groups,good,5,2,7,weak,41,,100.0,,,True,,
Resolver.cached,internal/groups/groups.go,509,internal/groups,good,5,2,7,weak,41,TestExecResultsAreCached,100.0,,,True,,
Resolver.store,internal/groups/groups.go,516,internal/groups,good,5,2,7,weak,34,TestExecResultsAreCached,100.0,,,True,,
Resolver.diskKey,internal/groups/groups.go,527,internal/groups,good,5,4,9,strong,15,TestDiskCacheIsKeptPerScopeHostAndGroup TestGroupCacheIsKeptPerCluster,100.0,,,False,,
Resolver.readDisk,internal/groups/groups.go,539,internal/groups,good,5,3,8,adequate,15,TestExecListIsCached TestDiskCacheIsKeptPerScopeHostAndGroup,80.0,5,8,False,,
Resolver.writeDisk,internal/groups/groups.go,558,internal/groups,good,5,3,8,adequate,8,TestExecListIsCached,75.0,1,1,False,,
Resolver.cachePath,internal/groups/groups.go,573,internal/groups,good,5,3,8,adequate,15,,100.0,,,True,,
Entry.String,internal/hostkeys/hostkeys.go,78,internal/hostkeys,good,5,5,10,strong,8,TestEntryString TestParseReadsMarkers TestRewriteKeepsComments,100.0,2,2,False,,
Entry.IsHostKey,internal/hostkeys/hostkeys.go,91,internal/hostkeys,good,5,4,9,strong,14,TestParseReadsMarkers,100.0,,,True,,
Entry.Matches,internal/hostkeys/hostkeys.go,96,internal/hostkeys,good,5,4,9,strong,7,TestMatchesHashedAndWildcardEntries TestEntryString,100.0,6,6,False,,
names,internal/hostkeys/hostkeys.go,115,internal/hostkeys,good,4,3,7,adequate,13,TestMatchesHashedAndWildcardEntries,100.0,2,2,False,,"The bare name 'names' reads like a list of names at call sites such as '!names(h, host)' in remove and Add."
matchPattern,internal/hostkeys/hostkeys.go,122,internal/hostkeys,good,4,4,8,strong,15,TestMatchesHashedAndWildcardEntries,100.0,1,1,False,,"No doc comment. It has an unstated precondition: the caller lowercases the host, while the pattern is lowercased here."
matchHashed,internal/hostkeys/hostkeys.go,134,internal/hostkeys,good,5,3,8,adequate,1,TestMatchesHashedAndWildcardEntries,75.0,3,6,False,,
matchWildcard,internal/hostkeys/hostkeys.go,154,internal/hostkeys,good,5,4,9,strong,15,TestMatchesHashedAndWildcardEntries,86.7,6,8,False,,
Parse,internal/hostkeys/hostkeys.go,196,internal/hostkeys,good,5,4,9,strong,16,TestParseAndRender TestParseReadsMarkers TestParseRejectsAMalformedLine TestRewriteKeepsComments,100.0,7,8,False,,
File.Render,internal/hostkeys/hostkeys.go,243,internal/hostkeys,good,5,2,7,weak,12,TestRewriteKeepsComments TestParseAndRender,95.5,1,5,False,,
File.Find,internal/hostkeys/hostkeys.go,277,internal/hostkeys,good,5,5,10,strong,5,TestFindAndRemove TestParseReadsMarkers TestMatchesHashedAndWildcardEntries TestAddReplacesTheSameHostAndType,100.0,1,1,False,,
File.Revoked,internal/hostkeys/hostkeys.go,288,internal/hostkeys,good,4,4,8,strong,3,TestParseReadsMarkers,100.0,3,3,False,,"Only key.Key is used; Type, Hosts and the other fields of the Entry parameter are ignored."
File.Remove,internal/hostkeys/hostkeys.go,302,internal/hostkeys,good,5,4,9,strong,9,TestFindAndRemove TestMatchesHashedAndWildcardEntries TestParseReadsMarkers,100.0,,,True,,
File.remove,internal/hostkeys/hostkeys.go,309,internal/hostkeys,good,5,4,9,strong,11,TestFindAndRemove TestRewriteKeepsComments,100.0,5,5,False,,
File.Add,internal/hostkeys/hostkeys.go,343,internal/hostkeys,nit,4,3,7,adequate,5,TestAddReplacesTheSameHostAndType,100.0,1,2,False,,"The doc promises to replace a key of the same host and type, but only single-host lines qualify. Given 'wlm01.hpc,wlm01 ssh-rsa OLD', Add({wlm01, ssh-rsa, NEW}) appends, and both OLD and NEW are then trusted for wlm01."
File.Replace,internal/hostkeys/hostkeys.go,359,internal/hostkeys,good,5,3,8,adequate,2,TestRewriteKeepsComments,100.0,1,1,False,,
Load,internal/hostkeys/hostkeys.go,370,internal/hostkeys,nit,4,4,8,strong,12,TestLoadAndSave,83.3,2,3,False,,"Parse errors come back unwrapped ('line 3 is not a host key: ...'), and verify, list and doctor pass them on without the file path."
Save,internal/hostkeys/hostkeys.go,382,internal/hostkeys,nit,4,4,8,strong,1,TestLoadAndSave,100.0,,,True,downgraded,"The package doc says everything goes through one locked update, yet the exported Save writes unlocked. A future Load/change/Save caller would bring back the lost-update race that Modify prevents. Only TestLoadAndSave uses Save."
Modify,internal/hostkeys/hostkeys.go,388,internal/hostkeys,nit,4,4,8,strong,8,TestModifyIsAtomicUnderConcurrency,71.4,1,1,False,,"A parse error comes back without the file path, so 'hostkey refresh' or a reinstall reports 'line N is not a host key' with no file named."
Scanner.Scan,internal/hostkeys/hostkeys.go,422,internal/hostkeys,nit,4,4,8,strong,14,TestScanCollectsFromAnSSHRSAOnlyServer TestScanPrefersTheStrongestKey TestScanDialsOnce TestScanGivesUpOnASilentHost TestScanReportsAnUnreachableHost TestScanThroughACommand TestScanThroughACommandReportsWhatItSaid,94.7,4,5,False,,"Port is used for the dial, but the entry is keyed by the bare host. known_hosts needs '[host]:port' for a port other than 22, so a key scanned with Port ""2222"" would never match. Only tests set Port today."
scanOne,internal/hostkeys/hostkeys.go,450,internal/hostkeys,nit,4,4,8,strong,14,TestScanCollectsFromAnSSHRSAOnlyServer TestScanPrefersTheStrongestKey TestScanGivesUpOnASilentHost TestScanThroughACommand,95.2,5,6,False,,"Two adjacent string params (address, host) are easy to swap, and timeout is redundant with ctx."
DialCommand,internal/hostkeys/hostkeys.go,504,internal/hostkeys,nit,4,3,7,adequate,4,TestCommandConnReportsWhatItSaidOnWrite TestScanThroughACommand,69.2,3,6,False,,"Because c.cmd.WaitDelay is unset, both a ctx cancel and Close wait for every process holding stderr, such as the ProxyJump child ssh starts for -J. See Close."
commandConn.Read,internal/hostkeys/hostkeys.go,552,internal/hostkeys,nit,4,3,7,adequate,4,,100.0,2,2,False,downgraded,"A clean EOF is wrapped, which breaks the io.Reader contract that Read return io.EOF itself. Verified: io.ReadAll on DialCommand(sh -c 'echo hello; echo warn >&2') returns the error 'sh: warn: EOF' instead of nil."
commandConn.Write,internal/hostkeys/hostkeys.go,562,internal/hostkeys,good,5,4,9,strong,4,TestCommandConnReportsWhatItSaidOnWrite,100.0,2,2,False,,
commandConn.explain,internal/hostkeys/hostkeys.go,572,internal/hostkeys,bug,2,3,5,adequate,3,TestCommandConnReportsWhatItSaidOnWrite TestScanThroughACommandReportsWhatItSaid,75.0,2,3,False,upheld,"OpenSSH prints 'channel 0: open failed: connect failed: No route to host', then 'stdio forwarding failed'. Verified with that stderr, Scan reports 'sh: stdio forwarding failed: EOF', so the reason a node behind a jump host is unreachable is lost."
commandConn.Close,internal/hostkeys/hostkeys.go,583,internal/hostkeys,bug,2,2,4,weak,4,,100.0,0,1,False,upheld,"Verified: Scanner{Timeout: 300ms} dialing DialCommand(sh -c 'sleep 4 </dev/null >/dev/null & exec sleep 100') returns after 4.0s. ssh -J starts a ProxyJump child that inherits stderr, so an unreachable first jump costs ConnectTimeout, not --timeout."
commandConn.LocalAddr,internal/hostkeys/hostkeys.go,595,internal/hostkeys,good,5,0,5,none,0,,0.0,,,True,,
commandConn.RemoteAddr,internal/hostkeys/hostkeys.go,596,internal/hostkeys,good,5,1,6,incidental,1,,100.0,,,True,,
commandConn.SetDeadline,internal/hostkeys/hostkeys.go,600,internal/hostkeys,nit,4,1,5,incidental,3,,100.0,,,True,,"The comment is factually wrong, and returning nil claims success for a deadline that is ignored. No harm today, because scanOne closes the connection instead."
commandConn.SetReadDeadline,internal/hostkeys/hostkeys.go,601,internal/hostkeys,nit,4,0,4,none,0,,0.0,,,True,,It silently ignores the deadline while reporting success; the pipe could honour it.
commandConn.SetWriteDeadline,internal/hostkeys/hostkeys.go,602,internal/hostkeys,nit,4,0,4,none,0,,0.0,,,True,,It silently ignores the deadline while reporting success; the pipe could honour it.
commandAddr.Network,internal/hostkeys/hostkeys.go,606,internal/hostkeys,good,5,0,5,none,0,,0.0,,,True,,
commandAddr.String,internal/hostkeys/hostkeys.go,607,internal/hostkeys,good,5,0,5,none,0,,0.0,,,True,,
lockedBuffer.Write,internal/hostkeys/hostkeys.go,616,internal/hostkeys,good,5,3,8,adequate,3,,100.0,,,True,,
lockedBuffer.String,internal/hostkeys/hostkeys.go,622,internal/hostkeys,good,5,3,8,adequate,3,,100.0,,,True,,
lastLine,internal/hostkeys/hostkeys.go,628,internal/hostkeys,good,4,2,6,weak,3,,100.0,,,False,,"No doc comment. It is the helper behind explain's last-line policy, which drops ssh's informative line."
Check,internal/hostname/hostname.go,35,internal/hostname,good,5,4,9,strong,244,TestCheckAcceptsHostNames TestCheckRefusesWhatSSHOrAURLGivesAMeaning TestCheckQuotesWhatItRefuses,100.0,5,6,False,,
checkLabel,internal/hostname/hostname.go,54,internal/hostname,nit,4,4,8,strong,244,TestCheckRefusesWhatSSHOrAURLGivesAMeaning TestCheckQuotesWhatItRefuses,100.0,8,8,False,,"rune(label[i]) turns one UTF-8 byte into a Latin-1 code point. Check(""exé0001"") reports ""'Ã' is not a letter, a digit or a hyphen"", a character the user never typed. The outer error still quotes the whole name, so only the pointer is wrong."
isHostChar,internal/hostname/hostname.go,73,internal/hostname,good,5,4,9,strong,244,,100.0,,,True,,
CheckHost,internal/hostname/hostname.go,80,internal/hostname,good,5,5,10,strong,53,TestCheckHostAcceptsAddresses,100.0,2,2,False,,
IsIP,internal/hostname/hostname.go,89,internal/hostname,good,5,3,8,adequate,187,,100.0,,,True,,
Node.Attribute,internal/inventory/inventory.go,37,internal/inventory,nit,4,0,4,none,0,,0.0,,,True,,"Dead exported method: rg finds no call site anywhere (production or test); callers use n.Attributes[""class""] directly."
New,internal/inventory/inventory.go,67,internal/inventory,good,5,4,9,strong,33,TestNewAppliesDefaultsAndRefinements TestNewRejectsBadEntries,100.0,,,False,,
FromDocuments,internal/inventory/inventory.go,90,internal/inventory,nit,4,3,7,adequate,349,TestSingleNodeFieldsAreRejectedForSets TestNamesDifferingOnlyInPaddingAreRejected TestMachineIdentifiersMustBeUniqueAndWellFormed TestARefinedAddressIsFreeAgain TestMixedWidthsOfDistinctHostsAreAccepted,96.7,8,8,False,,"sort.Strings orders names lexically (exe1,exe10,exe2), while Select/Expand use natural order. Verified: `node list` and `node list exe[1-10]` print the same nodes in different orders."
entryLabel,internal/inventory/inventory.go,145,internal/inventory,good,4,3,7,adequate,346,,100.0,2,3,False,,"Adjacent same-typed d, i ints; the slice is passed only for len(docs) and docs[d].Where."
builder.record,internal/inventory/inventory.go,173,internal/inventory,good,5,3,8,adequate,342,,100.0,4,5,False,,
builder.checkUnique,internal/inventory/inventory.go,198,internal/inventory,good,5,4,9,strong,339,TestMachineIdentifiersMustBeUniqueAndWellFormed TestARefinedAddressIsFreeAgain,95.5,6,7,False,,
identifierKey,internal/inventory/inventory.go,241,internal/inventory,nit,4,2,6,weak,311,,100.0,1,2,False,,"When ParseMAC fails, the 'macs' case silently reaches the shared final return and keys the MAC as an 'address'. Only checkIdentifiers running first keeps this latent."
checkIdentifiers,internal/inventory/inventory.go,259,internal/inventory,good,5,4,9,strong,344,TestMachineIdentifiersMustBeUniqueAndWellFormed TestMalformedIdentifierKeepsTheParseError,92.9,8,8,False,,
ipAddress,internal/inventory/inventory.go,287,internal/inventory,nit,4,4,8,strong,316,TestMachineIdentifiersMustBeUniqueAndWellFormed,100.0,4,4,False,,The doc does not mention that ::ffff:a.b.c.d is unmapped. identifierKey depends on this so the mapped form collides with the IPv4 form.
builder.claim,internal/inventory/inventory.go,300,internal/inventory,nit,4,4,8,strong,343,TestNamesDifferingOnlyInPaddingAreRejected TestNamesWithCapitalsAreRejected TestMixedWidthsOfDistinctHostsAreAccepted,91.7,5,6,False,,"Only lowercase names are ever stored, so b.spelling[held]==held always; the map and its doc are vestigial."
singleNodeField,internal/inventory/inventory.go,327,internal/inventory,good,5,1,6,incidental,339,TestSingleNodeFieldsAreRejectedForSets,50.0,0,3,False,,
Inventory.apply,internal/inventory/inventory.go,342,internal/inventory,nit,4,4,8,strong,342,TestNewAppliesDefaultsAndRefinements TestRackAttributeAndFieldAgree,100.0,1,2,False,,"Private but central method with no doc comment. Undocumented: defaults apply only on first sight, and MACs replace rather than merge."
setIf,internal/inventory/inventory.go,371,internal/inventory,good,4,3,7,adequate,342,,100.0,,,True,,
place,internal/inventory/inventory.go,380,internal/inventory,nit,4,4,8,strong,342,TestRackAttributeAndFieldAgree,77.8,3,3,False,,node and &node.Rack are redundant; key and value are adjacent same-typed strings. Both call sites must line up four related arguments.
checkPlacement,internal/inventory/inventory.go,396,internal/inventory,good,5,4,9,strong,343,TestRackFieldAndAttributeMustNotConflict,100.0,2,2,False,,
Inventory.Len,internal/inventory/inventory.go,406,internal/inventory,good,5,5,10,strong,309,TestNewAppliesDefaultsAndRefinements TestMixedWidthsOfDistinctHostsAreAccepted,100.0,,,True,,
Inventory.Lookup,internal/inventory/inventory.go,409,internal/inventory,nit,4,4,8,strong,105,TestLookupIgnoresPadding TestLookupDoesNotScaleWithTheInventory,100.0,4,4,False,,"The doc says only 'returns a node by name'. That exe1 finds exe0001, and that the name must be lowercase, is visible only in an inline comment and in claim's comment."
Inventory.Names,internal/inventory/inventory.go,423,internal/inventory,nit,4,1,5,incidental,1,,100.0,,,True,,"'Sorted order' is lexical. Verified: exe[1-10] yields exe1,exe10,exe2,..., unlike Select/Expand."
Inventory.All,internal/inventory/inventory.go,428,internal/inventory,nit,4,3,7,adequate,306,,100.0,,,False,,The 'name order' is lexical and disagrees with Select's natural order. The same command prints different orders depending on whether a node set is given.
Inventory.NodeSet,internal/inventory/inventory.go,437,internal/inventory,good,5,4,9,strong,305,TestQueries,100.0,,,True,,
Inventory.Select,internal/inventory/inventory.go,447,internal/inventory,good,5,4,9,strong,6,TestSelectReportsUnknownNodes TestSelectNeverReturnsANilNode TestLookupIgnoresPadding,81.8,2,4,False,,
Inventory.Resolve,internal/inventory/inventory.go,468,internal/inventory,nit,4,1,5,incidental,1,,100.0,,,True,,"Unused exported method. machineIndex (internal/app/machine.go:25-40,98-100) duplicates the same canonicalisation with a second NodeSet."
Inventory.AttributeValues,internal/inventory/inventory.go,473,internal/inventory,nit,4,4,8,strong,15,TestQueries,100.0,1,2,False,,"The doc omits that empty values are dropped. For a valueless genders-style attribute (k: """"), node.go:311-317 then errors 'no node carries the attribute' although nodes carry it."
Inventory.AttributeKeys,internal/inventory/inventory.go,489,internal/inventory,good,5,4,9,strong,2,TestQueries,100.0,0,1,False,,
Inventory.WithAttribute,internal/inventory/inventory.go,507,internal/inventory,good,5,4,9,strong,34,TestQueries TestRackAttributeAndFieldAgree TestMixedWidthsOfDistinctHostsAreAccepted,87.5,2,3,False,,
Inventory.Racks,internal/inventory/inventory.go,522,internal/inventory,good,5,5,10,strong,5,TestQueries TestRackAttributeAndFieldAgree,100.0,,,True,,
Inventory.InRack,internal/inventory/inventory.go,529,internal/inventory,good,5,4,9,strong,5,TestQueries TestRackAttributeAndFieldAgree,66.7,1,1,False,,
BootPath,internal/inventory/inventory.go,542,internal/inventory,nit,4,3,7,adequate,24,TestBootPath,92.9,5,8,False,,The static bool result is unnamed and undocumented. 'else the first cluster rule that names it' contradicts the rule that more than one match is an error.
Actions,internal/ipmi/ipmi.go,41,internal/ipmi,good,5,3,8,adequate,352,,100.0,,,True,,
Backend.Power,internal/ipmi/ipmi.go,90,internal/ipmi,good,5,4,9,strong,27,TestUnknownActionAndEmptySetAreReported TestArgumentErrorsAreUsageErrors TestTheAccountIsQuotedForFreeIPMI TestEveryRequestedProcessorIsReported TestParsesStatusAndFailures TestPasswordNeverReachesTheArgumentVector,100.0,6,6,False,,
Backend.backend,internal/ipmi/ipmi.go,112,internal/ipmi,good,4,3,7,adequate,27,,100.0,,,True,,"The method is named after its own type but returns the configured tool name. In Power's switch, b.backend() reads as if it returned a backend object."
CheckAction,internal/ipmi/ipmi.go,120,internal/ipmi,good,5,4,9,strong,51,TestArgumentErrorsAreUsageErrors TestUnknownActionAndEmptySetAreReported TestBMCPowerChecksTheActionFirst,100.0,2,2,False,,
ipmipowerAction,internal/ipmi/ipmi.go,131,internal/ipmi,nit,4,2,6,weak,22,TestIpmipowerTakesTheWholeHostList,77.8,2,2,False,,"Only --off is asserted in-package. Swapping --on and --cycle, or mapping reset to --soft, survives the ipmi, cli and cmd tests. A power cycle sent as a power-on would go unnoticed."
ipmitoolAction,internal/ipmi/ipmi.go,152,internal/ipmi,good,5,3,8,adequate,7,TestIpmitoolLoopsOnTheGateway,66.7,,,True,,
ipmipowerAnswer,internal/ipmi/ipmi.go,162,internal/ipmi,good,5,4,9,strong,20,TestOnlyKnownAnswersCountAsSuccess TestParsesStatusAndFailures,100.0,4,4,False,,
ipmitoolAnswer,internal/ipmi/ipmi.go,180,internal/ipmi,good,5,4,9,strong,7,TestOnlyKnownAnswersCountAsSuccess TestIpmitoolLoopRunsInAShell,100.0,4,5,False,,
ipmipowerQuote,internal/ipmi/ipmi.go,196,internal/ipmi,good,5,5,10,strong,20,TestTheAccountIsQuotedForFreeIPMI,100.0,,,False,,
Backend.runIpmipower,internal/ipmi/ipmi.go,201,internal/ipmi,nit,4,3,7,adequate,22,TestIpmipowerTakesTheWholeHostList TestMultiDimensionalSetsHaveOneRangePerNameInTheHostList TestTheAccountIsQuotedForFreeIPMI,93.8,3,5,False,,"The default binary /usr/sbin/ipmipower is hardcoded here and repeated in internal/cli/doctor.go ipmiBinary (L213-224), and the LAN_2_0 driver in defaults.yaml. Doctor's comment admits the copy, so a change here silently drifts from what doctor checks."
Backend.runIpmitool,internal/ipmi/ipmi.go,232,internal/ipmi,nit,4,4,8,strong,7,TestIpmitoolLoopsOnTheGateway TestIpmitoolLoopRunsInAShell TestIpmitoolTimeoutScalesWithTheSet,90.0,4,6,False,,"The default /usr/bin/ipmitool is duplicated in internal/cli/doctor.go ipmiBinary, so the two can drift without any test noticing."
Backend.collect,internal/ipmi/ipmi.go,274,internal/ipmi,good,4,4,8,strong,25,TestAnswersAreMatchedToTheWholeName TestEveryRequestedProcessorIsReported TestOnlyKnownAnswersCountAsSuccess TestParsesStatusAndFailures,95.5,5,5,False,,"collect and unreported are methods, but neither uses Backend state. collect needs the receiver only to reach unreported. This is cosmetic, but it hides that both are pure functions of the result."
Backend.unreported,internal/ipmi/ipmi.go,313,internal/ipmi,bug,2,2,4,weak,8,TestEveryRequestedProcessorIsReported,100.0,5,7,False,upheld,"ipmipower outlives bmc.ipmi.timeout and exits 124. classify sets Err to ""mgmt: command exited 124"" with no exit code, and case Err wins. Unreported processors get exit code 1 instead of Transport, and lose the ""check the power state"" hint. For exit 127 the stderr detail is lost. Reproduced with transport.ExitResult."
lastLine,internal/ipmi/ipmi.go,332,internal/ipmi,good,4,2,6,weak,1,,100.0,,,False,,A near-duplicate of transport.lastLine (transport.go:599) with different whitespace handling. Two helpers for the same job can drift.
Backend.run,internal/ipmi/ipmi.go,354,internal/ipmi,nit,4,3,7,adequate,20,,100.0,,,False,,"Line 356 is a no-op, because Quote(placeholder) == placeholder, and line 357 duplicates runScript L365. The code suggests the placeholder can appear quoted when it cannot. Removing both lines survives all tests."
Backend.runScript,internal/ipmi/ipmi.go,364,internal/ipmi,good,5,4,9,strong,25,TestPasswordNeverReachesTheArgumentVector TestIpmitoolLoopRunsInAShell,100.0,,,False,,
Server.addCommandTool,internal/mcpserver/command.go,35,internal/mcpserver,good,5,4,9,strong,40,TestToolsAreAnnotated,100.0,,,True,,
Server.readCommand,internal/mcpserver/command.go,65,internal/mcpserver,nit,4,3,7,adequate,12,TestReadCommandRunsOnlyReadOnlyCommands TestReadCommandStopsACommandThatKeepsPrinting TestReadCommandStopsAnEndlessJQProgram TestAPanicInAFanOutFailsOnlyThatCall,97.1,6,8,False,,"json.Valid(text) followed by json.Unmarshal parses up to 64 KiB twice. Unmarshal into `any` already rejects invalid JSON and trailing data, so the Valid call adds nothing."
boundedWriter.Write,internal/mcpserver/command.go,132,internal/mcpserver,good,5,2,7,weak,7,TestReadCommandStopsACommandThatKeepsPrinting TestReadCommandStopsAnEndlessJQProgram,90.0,2,5,False,,
boundedWriter.cut,internal/mcpserver/command.go,148,internal/mcpserver,good,4,3,7,adequate,9,,100.0,,,True,,
boundedWriter.size,internal/mcpserver/command.go,154,internal/mcpserver,good,5,2,7,weak,3,,100.0,,,True,,
boundedWriter.contents,internal/mcpserver/command.go,160,internal/mcpserver,good,5,3,8,adequate,7,,100.0,,,True,,
Server.globalArgs,internal/mcpserver/command.go,169,internal/mcpserver,good,5,2,7,weak,10,,78.6,1,2,False,,
Server.resolveReadCommand,internal/mcpserver/command.go,194,internal/mcpserver,good,5,3,8,adequate,12,TestReadCommandRunsOnlyReadOnlyCommands TestReadCommandPinsTheFanout TestReadCommandCapsTheTimeout TestReadCommandOffersNoShellBuiltins,92.0,6,8,False,,
Server.readCommandList,internal/mcpserver/command.go,243,internal/mcpserver,good,5,1,6,incidental,40,,100.0,0,3,False,,
planReason,internal/mcpserver/plan.go,102,internal/mcpserver,good,5,3,8,adequate,24,TestPlanRefusesReasonsThatCouldMisleadTheUser TestPlanRefusesWhatTheGateRefuses,100.0,5,6,False,,
changeNames,internal/mcpserver/plan.go,120,internal/mcpserver,nit,4,1,5,incidental,40,,100.0,,,False,,"Hand-written equivalent of slices.Sorted(maps.Keys(changes)), an idiom the codebase already uses (internal/app/app.go:428)."
newPlanStore,internal/mcpserver/plan.go,158,internal/mcpserver,good,5,3,8,adequate,40,,100.0,,,True,,
planStore.add,internal/mcpserver/plan.go,162,internal/mcpserver,good,5,2,7,weak,18,,100.0,,,False,,
planStore.get,internal/mcpserver/plan.go,171,internal/mcpserver,good,5,3,8,adequate,16,,100.0,2,2,False,,
planStore.ask,internal/mcpserver/plan.go,185,internal/mcpserver,good,5,3,8,adequate,11,,100.0,,,False,,
planStore.answered,internal/mcpserver/plan.go,194,internal/mcpserver,nit,4,2,6,weak,11,,100.0,2,2,False,,"`if !s.plans.answered(...)` reads as a pure check, but it clears p.asked. A caller that checks twice would fail the second time."
planStore.take,internal/mcpserver/plan.go,204,internal/mcpserver,good,5,3,8,adequate,12,,85.7,2,4,False,,
planStore.prune,internal/mcpserver/plan.go,215,internal/mcpserver,good,5,1,6,incidental,18,,75.0,1,1,False,,
randomID,internal/mcpserver/plan.go,224,internal/mcpserver,good,5,1,6,incidental,18,,100.0,,,False,,
Server.addPlanTools,internal/mcpserver/plan.go,231,internal/mcpserver,good,5,4,9,strong,40,TestToolsAreAnnotated,100.0,,,True,,
ptr,internal/mcpserver/plan.go,253,internal/mcpserver,good,5,1,6,incidental,40,,100.0,,,True,,
Server.planChange,internal/mcpserver/plan.go,279,internal/mcpserver,good,5,3,8,adequate,24,TestPlansAndAppliesAreAudited TestEveryRefusalIsAudited TestApplyIsRefusedWhenTheAuditCannotBeWritten,100.0,4,4,False,,
Server.preparePlan,internal/mcpserver/plan.go,298,internal/mcpserver,good,5,4,9,strong,24,TestPlanShowsWhatWouldBeSentAndSendsNothing TestPlanRefusesWhatTheGateRefuses TestPlanRefusesNamesSlurmDoesNotReadAsThemselves TestPlanQuotesTheReason TestResumePlanWarnsOnlyOfRealReasons,87.2,6,8,False,,
describeCalls,internal/mcpserver/plan.go,378,internal/mcpserver,good,5,3,8,adequate,18,,100.0,,,False,,
Server.applyPlan,internal/mcpserver/plan.go,404,internal/mcpserver,good,5,4,9,strong,16,TestEveryRefusalIsAudited TestApplyNeedsThePlanRepeated,100.0,3,3,False,,
Server.apply,internal/mcpserver/plan.go,420,internal/mcpserver,nit,4,4,8,strong,16,TestApplyRefusesAPlanWhoseClusterChanged TestApplyRefusesAPlanWhoseCommandsChanged TestApplyAsksTheQuestionOfTheCurrentGate TestApplyNeedsThePlanRepeated TestApplyIsRefusedWhenTheAuditCannotBeWritten TestACancelledApplyStillCompletesAndIsRecorded,81.2,6,8,False,,"Every confirm error is audited as 'declined:', including 'this client cannot ask' and a foreign RequestState. Verified: with a non-eliciting client the log reads 'apply declined: this client cannot ask…', although nobody declined."
Server.execute,internal/mcpserver/plan.go,518,internal/mcpserver,good,5,4,9,strong,11,TestACancelledApplyStillCompletesAndIsRecorded,80.0,0,2,False,,
applyTimeout,internal/mcpserver/plan.go,529,internal/mcpserver,good,5,2,7,weak,11,,100.0,,,True,,
Server.confirm,internal/mcpserver/plan.go,542,internal/mcpserver,good,5,4,9,strong,12,TestApplyWithoutElicitationDependsOnTheMode TestApplyChangesNothingWithoutTheUsersYes TestApplyAsksTheUserAndSendsOnYes TestApplyAboveTheThresholdNeedsTheCount,91.7,6,6,False,,
Server.question,internal/mcpserver/plan.go,574,internal/mcpserver,good,5,4,9,strong,11,TestQuestionPutsTheSummaryNextToTheAnswer TestApplyAboveTheThresholdNeedsTheCount,100.0,2,3,False,,
answerText,internal/mcpserver/plan.go,618,internal/mcpserver,good,5,3,8,adequate,11,,66.7,2,2,False,,
nodesWithJobs,internal/mcpserver/plan.go,637,internal/mcpserver,good,5,3,8,adequate,4,,85.7,1,2,False,,
statesOf,internal/mcpserver/plan.go,650,internal/mcpserver,good,5,3,8,adequate,18,,100.0,1,1,False,,
readOnly,internal/mcpserver/read.go,38,internal/mcpserver,good,5,3,8,adequate,40,TestToolsAreAnnotated,100.0,,,True,,
Server.addReadTools,internal/mcpserver/read.go,42,internal/mcpserver,good,5,4,9,strong,40,TestToolsAreAnnotated,100.0,,,True,,
Server.selectNodes,internal/mcpserver/read.go,90,internal/mcpserver,good,5,3,8,adequate,2,TestSelectNodesNamesProtectedAndUnknownHosts TestProtectedHostIsRecognisedUnderEverySpelling,87.5,4,7,False,,
Server.describeNodes,internal/mcpserver/read.go,156,internal/mcpserver,nit,4,2,6,weak,2,TestDescribeNodesJoinsInventoryAndSlurm TestDescribeNodesShowsTheBMCTheCommandsReach,75.5,2,8,False,,"The loop breaks on the first GroupsOf error, so later nodes get no groups even from sources that work. That contradicts the comment 'A failing source does not hide what the others found'; the error is at least reported."
Server.describeSlurm,internal/mcpserver/read.go,237,internal/mcpserver,nit,4,2,6,weak,1,,77.3,5,6,False,,"The receiver s is never used, and the results come back through the mutated byName and errs maps, which makes the helper's contract harder to read."
Server.querySlurm,internal/mcpserver/read.go,296,internal/mcpserver,nit,4,2,6,weak,1,TestQuerySlurmFiltersAndLimits,53.6,1,8,False,,"Nodes is resolved for every kind but used only by nodes and jobs. history, partitions and summary silently ignore it, and summary also ignores users, so an agent can get a cluster-wide answer while believing it filtered."
summarise,internal/mcpserver/read.go,397,internal/mcpserver,nit,4,2,6,weak,1,,64.3,0,5,False,,"The tie-break compares Account+Partition concatenations. 'physics'+'debug' sorts before 'phys'+'main', and ab/c vs a/bc compare equal, so sort.Slice gives a different order between runs (verified: 25 of 200 runs vs 175)."
ConfirmModes,internal/mcpserver/server.go,58,internal/mcpserver,good,5,1,6,incidental,339,,100.0,,,True,,"No assertion depends on the returned list. Help text and completion for mcp serve --confirm are never checked, and a mutant that drops ConfirmApproval passes internal/mcpserver and internal/cli."
New,internal/mcpserver/server.go,99,internal/mcpserver,good,5,3,8,adequate,40,,88.5,5,8,False,,"All three error paths are unexecuted. A mutant that removes the unknown-confirm-mode check passes both internal/mcpserver and internal/cli, so --confirm=typo would go unnoticed. No test sets Options.PlanTTL, Now or Log."
Server.Run,internal/mcpserver/server.go,151,internal/mcpserver,good,5,0,5,none,0,,0.0,,,True,,"Never executed (cov_all 0%). Tests connect through SDK().Connect instead, and no test runs `mcp serve`, so the startup log line and stdio serving are unverified."
Server.SDK,internal/mcpserver/server.go,158,internal/mcpserver,good,4,3,7,adequate,40,,100.0,,,True,,The method is exported from production code only so the external test package can call Connect. No production caller uses it.
Server.Context,internal/mcpserver/server.go,161,internal/mcpserver,nit,4,0,4,none,0,,0.0,,,True,downgraded,"By Go convention X.Context() returns context.Context (cobra, net/http, and app.App.Context() in this codebase). Here it returns a config-context name, which misleads at a call site."
Server.app,internal/mcpserver/server.go,167,internal/mcpserver,rework,3,3,6,adequate,40,TestApplyRefusesAPlanWhoseClusterChanged TestPlanIsNeverForced,92.3,3,6,False,upheld,"All six callers discard the second return: server.go:123, plan.go:309 and 441, read.go:91, 169 and 303. Git history shows it was never used. The unused return misleads readers into thinking the notes reach the agent."
Server.streams,internal/mcpserver/server.go,188,internal/mcpserver,good,5,2,7,weak,40,TestSecretsOpenWithTheWorkstationIdentitiesAlone,100.0,1,1,False,,"The doc's core invariant, that nothing reaches the protocol on stdout, is untested: redirecting Out to os.Stdout or Err to os.Stderr survives because tests use in-memory transports. Swapping StateDir and CacheDir also survives. Only IsTTY=true is caught (by the secrets test)."
Server.logf,internal/mcpserver/server.go,199,internal/mcpserver,good,5,1,6,incidental,2,,100.0,,,True,,"Tests never set Options.Log, so it defaults to io.Discard. Neither the panic stack log nor the audit-failure log is ever observed."
Server.recoverPanics,internal/mcpserver/server.go,207,internal/mcpserver,good,5,4,9,strong,40,TestAPanicInAToolFailsOnlyThatCall,92.3,3,3,False,,"The branch for methods other than tools/call is never executed; a mutant returning (nil, nil) there survives."
callError,internal/mcpserver/server.go,232,internal/mcpserver,good,5,3,8,adequate,26,,66.7,2,2,False,,
failureKind,internal/mcpserver/server.go,240,internal/mcpserver,good,5,2,7,weak,26,,80.0,,,False,,"The unreachable kind, the function's stated purpose of telling a host that did not answer from the agent's own mistake, is never executed. The default failed word is executed but no test asserts it. Mutants for both survive."
auditLog.record,internal/mcpserver/server.go,274,internal/mcpserver,nit,4,2,6,weak,24,TestPlansAndAppliesAreAudited TestEveryRefusalIsAudited TestApplyIsRefusedWhenTheAuditCannotBeWritten,73.3,3,7,False,,"The time is stamped before the mutex is taken. Under concurrent tool calls, file order can differ from timestamp order, which looks odd in an audit trail."
Server.record,internal/mcpserver/server.go,298,internal/mcpserver,good,5,3,8,adequate,24,TestApplyIsRefusedWhenTheAuditCannotBeWritten,100.0,2,2,False,,"The test only checks that the message contains ""audit"", which also matches the file name audit.jsonl. Dropping the wrap survives, as does dropping the log line."
Server.refusal,internal/mcpserver/server.go,308,internal/mcpserver,nit,4,4,8,strong,17,TestEveryRefusalIsAudited,100.0,2,3,False,,"applyPlan (plan.go:411) sends every failure through it, including 'failed:' after execute and 'not applied:'. The doc saying 'a refused call' undersells this. When the error is itself the audit failure (plan.go:491-493), it re-writes and the message repeats the audit error twice."
Server.instructions,internal/mcpserver/server.go,316,internal/mcpserver,good,5,3,8,adequate,40,TestInstructionsNameGroupsThatExist,100.0,,,False,,"Swapping %[1]s and %[2]s (context and cluster) survives. Tool names mentioned in the text are not checked against the registered tools, so a rename would leave stale instructions."
New,internal/naming/naming.go,35,internal/naming,nit,4,4,8,strong,325,TestNewRejectsBadRules TestPatternMatchesTheWholeName,100.0,6,6,False,,"Names are lowercased before matching, so prefixes are lowercased too (L44-47), but patterns are compiled case-sensitive. Verified: the pattern WLM[0-9]+ never matches WLM01 (lowercased to wlm01). The node silently falls through to the catch-all rule and gets wlm01.example.org instead of the hpc domain. The docs mention lowercasing, which only partly mitigates this."
Namer.Domain,internal/naming/naming.go,69,internal/naming,good,5,3,8,adequate,1,,100.0,,,True,,
Namer.FQDN,internal/naming/naming.go,77,internal/naming,nit,4,3,7,adequate,313,TestFQDN TestNamesAreCaseInsensitive TestPatternMatchesTheWholeName TestMissingDomainIsReported TestUnknownPlaceholder,88.9,3,3,False,,"IPv4 passes through only because it contains a dot. An IPv6 literal gets a domain appended. Verified: FQDN(""fe80::1"") = ""fe80::1.example.org"", and nodeset accepts fe80::1. So `node fqdn fe80::1` prints a bogus host, and checkSiteHosts sees it as in-domain. BMC refuses IPs explicitly."
Namer.BMC,internal/naming/naming.go,107,internal/naming,good,5,4,9,strong,308,TestBMC TestBMCRefusesWhatItCannotDerive TestNamesAreCaseInsensitive,90.0,8,8,False,,
Namer.match,internal/naming/naming.go,141,internal/naming,nit,4,4,8,strong,313,TestPatternMatchesTheWholeName,100.0,6,7,False,,"If a rule sets both pattern and prefixes, the switch checks only the pattern, and New does not reject the combination. Verified: with the rule {pattern gpu[0-9]+, prefixes [exe]}, FQDN(""exe01"") falls through to the catch-all rule and returns exe01.example.org. The schema says 'by prefix or by regular expression'."
Namer.expand,internal/naming/naming.go,162,internal/naming,good,5,4,9,strong,313,TestMissingDomainIsReported TestUnknownPlaceholder,100.0,4,4,False,,
Namer.FQDNSet,internal/naming/naming.go,181,internal/naming,good,5,4,9,strong,8,TestSetsFold,100.0,,,True,,
Namer.BMCSet,internal/naming/naming.go,186,internal/naming,nit,4,5,9,strong,2,TestSetsFold TestBMCRefusesWhatItCannotDerive,100.0,,,True,,"Nothing outside tests calls it. App.BMCHosts duplicates the loop but prefers the inventory's bmcAddress, a documented safety choice. A future caller of this exported method would skip that preference and send BMC credentials to a derived name."
Namer.mapSet,internal/naming/naming.go,190,internal/naming,nit,4,4,8,strong,9,,87.5,3,4,False,,"out.Add parses an expression, not a single name. Verified: Add(""a b"") succeeds and yields a,b. A domain value containing a space or comma (domains are not validated) would silently turn one node into two hosts, not the 'not a valid host name' error the message implies."
Short,internal/naming/naming.go,205,internal/naming,good,5,5,10,strong,310,TestShort,100.0,1,1,False,,
EscapeText,internal/output/escape.go,24,internal/output,good,5,5,10,strong,65,TestEscapeText,100.0,,,True,,
EscapeCell,internal/output/escape.go,32,internal/output,good,5,5,10,strong,149,TestEscapeCell TestTableCellCannotForgeARow,100.0,,,True,,
escape,internal/output/escape.go,36,internal/output,good,5,4,9,strong,164,TestEscapeText TestEscapeCell,100.0,7,8,False,,
needsEscape,internal/output/escape.go,76,internal/output,good,5,3,8,adequate,160,TestEscapeText TestEscapeCell,100.0,6,8,False,,
Formats,internal/output/output.go,45,internal/output,good,5,1,6,incidental,340,,100.0,,,True,,
ParseFormat,internal/output/output.go,53,internal/output,good,5,5,10,strong,354,TestParseFormat TestParseFormatCompilesQueries TestJSONPathRejectsBadExpressions TestJSONPathRejectsUnsupportedSyntax,100.0,7,7,False,,
Format.String,internal/output/output.go,84,internal/output,good,5,4,9,strong,1,TestIsMachine,100.0,,,True,,
Format.IsMachine,internal/output/output.go,93,internal/output,good,5,5,10,strong,41,TestIsMachine,100.0,2,2,False,,
Format.Write,internal/output/output.go,115,internal/output,good,5,4,9,strong,17,,100.0,,,True,,
Format.WriteContext,internal/output/output.go,121,internal/output,nit,4,4,8,strong,163,TestJQStopsWhenCancelled,90.0,5,6,False,,"A Result carrying only Object under -o table/wide goes to writeTable(nil), which returns nil with no output. Verified: `clusterctl config view` (config.go:312) at the default -o table prints nothing and exits 0."
Result.object,internal/output/output.go,145,internal/output,good,5,4,9,strong,54,TestJSONAndYAML,80.0,2,2,False,,
writeJSON,internal/output/output.go,155,internal/output,nit,4,3,7,adequate,41,TestJSONAndYAML,100.0,,,True,,"The encoder HTML-escapes by default, so a reason like 'temp > 90C' prints as 'temp > 90C'. The JSON is valid but harder for a person to read, and the output guide does not mention it."
writeNodeset,internal/output/output.go,161,internal/output,good,5,4,9,strong,2,TestNodesetAndName,85.7,2,4,False,,
writeNames,internal/output/output.go,173,internal/output,good,5,4,9,strong,2,TestNodesetAndName,71.4,2,4,False,,
Result.nodes,internal/output/output.go,188,internal/output,rework,3,3,6,adequate,2,TestNodesetAndName,81.8,3,5,False,upheld,"The fallback reads the first column whatever its heading, and nodeset.Add accepts nearly any word or path. Verified: `node attrs vendor -o nodeset` prints vendor[1-2], and `config init --dry-run -o name` prints file paths, both with exit 0."
sortedKeys,internal/output/output.go,208,internal/output,good,4,4,8,strong,7,,100.0,,,False,,Duplicates a stdlib one-liner available at the module's Go version.
compileJQ,internal/output/query.go,24,internal/output,good,5,3,8,adequate,10,TestParseFormatCompilesQueries TestJQ,88.9,4,4,False,,
writeJQ,internal/output/query.go,40,internal/output,nit,4,4,8,strong,6,TestJQ TestJQStopsWhenCancelled TestQueriesKeepIntegers,88.9,6,8,False,,"`halt` yields a *gojq.HaltError with nil value, which gojq documents as a normal stop. Verified: -o 'jq=.[0], halt' prints 1, then fails with 'jq: halt error: null'; jq exits 0."
recoverQuery,internal/output/query.go,71,internal/output,good,5,1,6,incidental,16,,50.0,1,1,False,,
compileJSONPath,internal/output/query.go,93,internal/output,good,4,4,8,strong,11,TestJSONPathRejectsBadExpressions TestParseFormatCompilesQueries TestJSONPath,94.4,6,7,False,,"The local variable `close` shadows the predeclared builtin, which linters like predeclared flag."
writeJSONPath,internal/output/query.go,121,internal/output,good,5,4,9,strong,4,TestJSONPath TestJSONPathOverATopLevelArray TestQueriesKeepIntegers,91.7,6,8,False,,
evalPath,internal/output/query.go,156,internal/output,good,5,4,9,strong,3,TestJSONPath TestJSONPathOverATopLevelArray,90.0,1,2,False,,
parsePath,internal/output/query.go,185,internal/output,good,5,3,8,adequate,11,TestJSONPath TestJSONPathOverATopLevelArray TestJSONPathRejectsBadExpressions TestParseFormatCompilesQueries,75.8,5,8,False,,
unsupported,internal/output/query.go,239,internal/output,good,5,4,9,strong,11,TestJSONPathRejectsUnsupportedSyntax,100.0,5,5,False,,
parseField,internal/output/query.go,254,internal/output,good,5,4,9,strong,8,TestParseFormatCompilesQueries TestJSONPath,100.0,7,7,False,,
parseBracket,internal/output/query.go,271,internal/output,good,5,3,8,adequate,7,TestJSONPathLoneQuoteDoesNotPanic TestJSONPath TestParseFormatCompilesQueries,88.0,7,8,False,,
pathStep.apply,internal/output/query.go,313,internal/output,good,4,2,6,weak,3,TestJSONPath TestJSONPathOverATopLevelArray,66.7,4,8,False,,The negative-index wrap duplicates the logic in clamp.
clamp,internal/output/query.go,372,internal/output,nit,4,2,6,weak,1,TestJSONPath,66.7,1,1,False,,"The name suggests plain clamping, but the function also turns negative slice bounds into offsets from the end."
toGeneric,internal/output/query.go,381,internal/output,good,5,4,9,strong,14,TestQueriesKeepIntegers TestYAMLKeepsIntegers,77.8,2,4,False,,
writeScalarOrJSON,internal/output/query.go,399,internal/output,nit,4,2,6,weak,5,TestJQ TestQueriesKeepIntegers,87.5,2,5,False,,"json.Marshal rejects NaN and Inf and HTML-escapes. Verified: -o jq=infinite or jq=nan fails with 'json: unsupported value', where jq prints a number or null. {a:""<b>""} prints as <b>."
scalarString,internal/output/query.go,413,internal/output,nit,4,2,6,weak,3,TestJSONPath TestQueriesKeepIntegers,30.0,0,1,False,,The float64 branch is unreachable: the only caller passes values decoded with UseNumber.
NewTable,internal/output/table.go,35,internal/output,good,5,4,9,strong,153,,100.0,,,True,,
Cols,internal/output/table.go,40,internal/output,good,5,4,9,strong,95,,100.0,,,True,,
Table.Add,internal/output/table.go,50,internal/output,good,4,4,8,strong,151,,100.0,,,True,,"'Extra cells are kept' suggests they appear somewhere, but writeTable and Objects iterate Columns only, so extras are silently ignored."
Table.Len,internal/output/table.go,55,internal/output,good,5,2,7,weak,10,,66.7,,,True,,
Table.Objects,internal/output/table.go,64,internal/output,good,5,4,9,strong,4,TestJSONAndYAML TestResultsTableShowsTheNodesOwnError,91.7,1,2,False,,
fieldName,internal/output/table.go,85,internal/output,good,4,2,6,weak,4,,70.0,4,4,False,,"strings.ToUpper(p[:1]) cuts a multibyte first rune in half. All current headings are ASCII, so this is latent only."
writeTable,internal/output/table.go,101,internal/output,good,5,4,9,strong,118,TestTableOmitsWideColumns TestTableAlignsAndDoesNotTruncate TestTableAlignsEscapedCells TestTableCellCannotForgeARow,96.0,6,8,False,,
writeYAML,internal/output/yaml.go,24,internal/output,good,5,3,8,adequate,7,TestYAMLLayout TestYAMLKeepsIntegers TestYAMLQuotesWhatAResolverWouldMisread TestJSONAndYAML,85.7,1,3,False,,
yamlBlock,internal/output/yaml.go,36,internal/output,nit,4,4,8,strong,7,TestYAMLLayout,95.5,4,4,False,,"Every key is written as an implicit key. A key over 1024 characters is invalid YAML: PyYAML 6 fails with 'mapping values are not allowed here' (verified). Keys come from config names, so this is practically unreachable, but it breaks the any-reader contract."
yamlValue,internal/output/yaml.go,71,internal/output,nit,4,4,8,strong,7,TestYAMLLayout,100.0,4,6,False,,The underKey bool and the render-then-slice trick (sub.String()[indent+2:]) depend on yamlBlock always writing exactly indent+2 spaces first. A change there would silently corrupt sequence items. Each level of sequence nesting also copies its subtree again.
yamlBody,internal/output/yaml.go,104,internal/output,good,4,4,8,strong,7,TestYAMLLayout,100.0,1,1,False,,"Read without yamlScalar's head/body next to it, 'yamlBody' could mean the body of a YAML document. The doc comment is what makes clear that it writes block-literal lines."
yamlScalar,internal/output/yaml.go,118,internal/output,nit,4,3,7,adequate,7,,75.0,1,2,False,,"No test anywhere renders null or false, and the output package has no bool value at all. Changing 'false' to 'true', or 'null' to '""""', passes every output and cli test (mutation verified)."
yamlNumber,internal/output/yaml.go,146,internal/output,good,5,4,9,strong,5,TestYAMLKeepsIntegers,100.0,1,1,False,,"No number with both a dotted mantissa and an exponent is tested. Dropping the dot guard turns 1.5e+21 into '1.5.0e+21', which a reader takes as a string, and the suite still passes (mutation verified)."
yamlLiteral,internal/output/yaml.go,159,internal/output,nit,4,4,8,strong,6,TestYAMLQuotesWhatAResolverWouldMisread TestYAMLLayout,100.0,5,6,False,,"No multi-line test string contains a non-ASCII non-printable; the U+0085, U+2028 and U+202E test values are all single-line. Replacing unicode.IsPrint with an ASCII-only control check survives the suite, yet a raw U+0085 in a literal is a line break to YAML 1.1 readers."
yamlString,internal/output/yaml.go,185,internal/output,good,5,4,9,strong,7,TestYAMLQuotesWhatAResolverWouldMisread,100.0,,,True,,
yamlPlain,internal/output/yaml.go,195,internal/output,good,5,4,9,strong,7,TestYAMLQuotesWhatAResolverWouldMisread,100.0,8,8,False,,"The YAML 1.1 reserved words are only checked against goccy/go-yaml, which reads yes/No/on/OFF/y/n as strings. Removing those six words from the switch passes every test (mutation verified), so the YAML 1.1 half of the doc's contract is never asserted."
yamlQuote,internal/output/yaml.go,220,internal/output,good,5,3,8,adequate,4,TestYAMLQuotesWhatAResolverWouldMisread,87.5,3,5,False,,"No test string contains a backslash. Dropping the \\ escape passes all tests, yet it would corrupt 'C:\path' or produce invalid escapes. Writing non-BMP non-printables (such as U+E0001) raw also survives (both mutations verified)."
Client.BaseURL,internal/redfish/client.go,75,internal/redfish,nit,4,3,7,adequate,1,TestBaseURLIsTheHostAlone,75.0,,,True,,"Exported, but only tests call it. `bmc web` (internal/cli/bmc.go:772) builds ""https://""+host itself, without IPv6 brackets or the host check. An IPv6 BMC address prints an invalid URL."
Client.base,internal/redfish/client.go,83,internal/redfish,good,5,2,7,weak,29,TestBaseURLIsTheHostAlone TestHostCannotRedirectTheRequest,83.3,2,3,False,,
Client.system,internal/redfish/client.go,94,internal/redfish,nit,4,2,6,weak,25,,100.0,,,True,,c.system() returns a path while c.System(ctx) returns *System. Callers such as Reset and SetBootOverride read ambiguously.
Client.httpClient,internal/redfish/client.go,103,internal/redfish,nit,4,3,7,adequate,30,TestAClientWithoutAPinStoreIsRefused,100.0,6,8,False,,The ctx is bound into the cached transport's verifier on the first call. A reused Client later records a first-contact pin under the first (possibly cancelled) ctx. Today every command shares a.Context().
refuseRedirect,internal/redfish/client.go,144,internal/redfish,good,5,5,10,strong,1,TestRedirectsAreNotFollowed,100.0,1,1,False,,
minVersion,internal/redfish/client.go,149,internal/redfish,nit,4,1,5,incidental,6,,40.0,,,False,downgraded,"A vendor profile with minTlsVersion ""TLS1.0"" passes validation and silently gets TLS 1.2. Old firmware then fails the handshake, and nothing says the setting was ignored."
Client.pinVerifier,internal/redfish/client.go,164,internal/redfish,good,5,3,8,adequate,4,TestPinningRecordsTheFirstCertificate TestPinningRefusesAChangedCertificate,76.5,6,8,False,,
Client.Do,internal/redfish/client.go,192,internal/redfish,nit,4,3,7,adequate,29,,88.9,4,5,False,,"For an empty body it returns {""status"": N}, which `bmc redfish post` prints as if the BMC had said it. A caller cannot tell it from a real field."
Client.DoRaw,internal/redfish/client.go,208,internal/redfish,nit,4,4,8,strong,30,TestPathStaysOnTheHost TestRejectedAccountIsATransportFailure TestErrorsCarryTheRedfishMessage TestRedirectsAreNotFollowed,85.7,6,8,False,,"A redirect answer is classed as exitcode.Transport (3, 'could not be reached'), while a 4xx answer exits 1. Probe: redirect error code=3."
Client.unreachable,internal/redfish/client.go,267,internal/redfish,nit,4,4,8,strong,9,TestUnreachableProcessorIsATransportFailure,100.0,3,3,False,,The method uses neither c nor its fields.
unwrapURLError,internal/redfish/client.go,276,internal/redfish,good,5,1,6,incidental,9,,75.0,1,3,False,,
redfishMessage,internal/redfish/client.go,285,internal/redfish,nit,4,3,7,adequate,7,TestErrorsCarryTheRedfishMessage,92.9,2,4,False,,"A BMC that returns an HTML error page puts the whole page into the error (probe: 500 HTML body embedded verbatim with newlines), which then lands in result rows."
Client.Get,internal/redfish/client.go,317,internal/redfish,good,5,4,9,strong,27,,100.0,,,True,,
Client.Post,internal/redfish/client.go,322,internal/redfish,good,5,4,9,strong,12,,100.0,,,True,,
Fingerprint,internal/redfish/pins.go,33,internal/redfish,good,5,2,7,weak,2,,100.0,,,True,,
PinStore.Load,internal/redfish/pins.go,39,internal/redfish,good,5,3,8,adequate,28,TestPinStore,82.4,5,7,False,,
PinStore.Get,internal/redfish/pins.go,66,internal/redfish,good,5,4,9,strong,26,TestPinStore,80.0,1,3,False,,
PinStore.Set,internal/redfish/pins.go,81,internal/redfish,nit,4,5,9,strong,5,TestPinStore TestPinStoreDoesNotReplaceAPin TestPinStoreFirstContactsRace,96.0,2,2,False,,"Duplicates Load's line parser with different semantics: Load rejects a malformed line, Set drops it."
PinStore.Remove,internal/redfish/pins.go,122,internal/redfish,good,5,4,9,strong,3,TestPinStore,92.3,2,2,False,,
PinMismatchError.Error,internal/redfish/pins.go,151,internal/redfish,good,5,5,10,strong,3,TestPinMismatchExplainsTheWayOut,100.0,,,True,,
Client.System,internal/redfish/system.go,44,internal/redfish,good,5,4,9,strong,6,TestSystem,100.0,4,4,False,,
resetAction,internal/redfish/system.go,73,internal/redfish,good,5,3,8,adequate,13,,80.0,1,1,False,,
Client.resetTypes,internal/redfish/system.go,85,internal/redfish,nit,4,4,8,strong,6,TestResetFollowsActionInfo TestResetRefusesWhenActionInfoCannotBeRead,83.3,6,7,False,,"Reset uses c.ResetTypes (vendor profile) and c.resetTypes(ctx, body) (what the machine advertises) a few lines apart."
Client.resetTarget,internal/redfish/system.go,115,internal/redfish,good,5,2,7,weak,10,,66.7,0,1,False,,
Client.PowerState,internal/redfish/system.go,123,internal/redfish,good,5,3,8,adequate,7,,85.7,3,4,False,,
Client.Reset,internal/redfish/system.go,143,internal/redfish,good,5,5,10,strong,14,TestResetChecksWhatTheMachineAccepts TestResetChecksTheVendorProfile TestResetFollowsActionInfo TestResetRefusesWhenActionInfoCannotBeRead TestResetIsNotRetried,100.0,8,8,False,,
Client.SetBootOverride,internal/redfish/system.go,172,internal/redfish,nit,4,4,8,strong,10,TestBootOverrideDefaultsToOnce,100.0,5,7,False,,The positional persistent bool hides meaning at call sites.
Client.ClearBootOverride,internal/redfish/system.go,199,internal/redfish,good,5,4,9,strong,4,TestClearBootOverride,100.0,,,True,,
str,internal/redfish/system.go,206,internal/redfish,good,5,3,8,adequate,15,,100.0,,,True,,
strList,internal/redfish/system.go,211,internal/redfish,good,5,3,8,adequate,15,,100.0,2,2,False,,
sortedList,internal/redfish/system.go,226,internal/redfish,nit,4,3,7,adequate,5,,100.0,,,False,,"Callers format with %s, so the name misstates the return type."
contains,internal/redfish/system.go,232,internal/redfish,nit,4,3,7,adequate,13,,100.0,3,3,False,,Duplicates the standard library slices.Contains.
NewGate,internal/safety/safety.go,77,internal/safety,good,4,4,8,strong,323,TestNewGateRefusesLimitsThatTurnASafeguardOff TestProtectedHostsAreResolvedOnceWhenNeeded TestConfirmAboveZeroAlwaysAsksForTheCount,100.0,4,5,False,,"It validates PowerOnBatch, which Gate never stores or uses. This is documented as deliberate (the one place every setting passes through), so it is not a defect, but the validation sits in an unrelated constructor."
Gate.Protected,internal/safety/safety.go,99,internal/safety,nit,4,4,8,strong,320,TestBadProtectedHostsRefuseEveryAction TestProtectedHostsAreResolvedOnceWhenNeeded,88.9,4,4,False,,"The nil-Resolve fallback repeats the closure from NewGate (L86-88) and is rebuilt on every loop iteration. No code builds a Gate literal, so production never reaches it and no test covers it."
Gate.ProtectedIn,internal/safety/safety.go,133,internal/safety,good,5,3,8,adequate,145,TestProtectedHostUnderAnotherDomainIsProtected,100.0,4,6,False,,
short,internal/safety/safety.go,160,internal/safety,nit,4,4,8,strong,141,,100.0,1,1,False,,"Duplicates naming.Short exactly. naming imports only v1alpha1, tmpl and nodeset, so there is no import cycle. Two copies can drift, for example if one learns about trailing dots."
Gate.Check,internal/safety/safety.go,190,internal/safety,good,5,4,9,strong,66,TestProtectedHostUnderAnotherDomainIsProtected TestUnknownHostsNeedForce,100.0,,,True,,
Gate.check,internal/safety/safety.go,196,internal/safety,good,5,4,9,strong,145,,100.0,8,8,False,,
Gate.Announce,internal/safety/safety.go,236,internal/safety,good,4,4,8,strong,15,TestForceNamesWhatItLetsThrough,100.0,2,2,False,,
isAre,internal/safety/safety.go,247,internal/safety,nit,4,1,5,incidental,5,,66.7,,,True,,"It returns a pronoun plus the verb, so the format at L223-225 (""whether %s protected"") looks as if the subject is missing. internal/slurm/slurm.go:539 has an isAre that returns only is/are, so the same name means two different contracts."
Gate.Confirm,internal/safety/safety.go,256,internal/safety,good,5,5,10,strong,90,TestSmallActionAsksYesNo TestLargeActionAsksForTheCount TestAssumeYesAndDryRun TestNonInteractiveWithoutYesIsRefused TestEmptyTargetsAreRefused TestProtectedHostsAreRefused TestNothingIsConfirmedOnceInterrupted TestInterruptEndsThePrompt TestForceNamesWhatItLetsThrough,100.0,8,8,False,,
Gate.Preview,internal/safety/safety.go,318,internal/safety,good,5,5,10,strong,113,TestPreviewAsksWithoutPrompting TestConfirmAboveZeroAlwaysAsksForTheCount TestForceNamesWhatItLetsThrough,100.0,3,3,False,,
Preview.Summary,internal/safety/safety.go,340,internal/safety,good,5,4,9,strong,55,TestPreviewAsksWithoutPrompting,100.0,,,True,,
Preview.printDetail,internal/safety/safety.go,346,internal/safety,good,4,4,8,strong,36,,100.0,1,1,False,,
Preview.Question,internal/safety/safety.go,356,internal/safety,good,5,4,9,strong,20,TestConfirmAboveZeroAlwaysAsksForTheCount TestPreviewAsksWithoutPrompting,100.0,2,2,False,,
Preview.Accept,internal/safety/safety.go,368,internal/safety,good,5,5,10,strong,28,TestAcceptJudgesAnswersLikeThePrompt TestConfirmAboveZeroAlwaysAsksForTheCount,100.0,4,4,False,,
errDryRun.Error,internal/safety/safety.go,391,internal/safety,good,5,0,5,none,0,,0.0,,,True,,
IsDryRun,internal/safety/safety.go,394,internal/safety,good,5,3,8,adequate,50,,100.0,,,True,,
Gate.read,internal/safety/safety.go,399,internal/safety,nit,4,2,6,weak,16,TestInterruptEndsThePrompt,85.7,1,5,False,,"Each call wraps g.In in a new bufio.Reader, which may read ahead past the newline and throw that input away. This is latent: app sets Interactive only when stdin is a terminal, and a canonical-mode read returns one line. A future non-TTY In or a second prompt would lose answers."
Gate.done,internal/safety/safety.go,428,internal/safety,good,5,3,8,adequate,16,,100.0,,,True,,
Gate.interrupted,internal/safety/safety.go,437,internal/safety,good,4,4,8,strong,90,TestNothingIsConfirmedOnceInterrupted,100.0,2,2,False,,
Gate.printf,internal/safety/safety.go,444,internal/safety,good,5,3,8,adequate,41,,66.7,,,True,,
plural,internal/safety/safety.go,452,internal/safety,good,5,3,8,adequate,69,,100.0,,,True,,
EffectOf,internal/safety/safety.go,483,internal/safety,good,5,5,10,strong,42,TestEffectOfTreatsUnknownAsChange,100.0,,,False,,
Identities,internal/secrets/secrets.go,29,internal/secrets,good,5,4,9,strong,4,TestIdentitiesReportsProblems TestSSHIdentityIsAccepted,100.0,2,2,False,,
AgeIdentities,internal/secrets/secrets.go,38,internal/secrets,good,5,3,8,adequate,26,,100.0,,,False,,
parseIdentities,internal/secrets/secrets.go,46,internal/secrets,good,5,3,8,adequate,27,TestSSHIdentityIsAccepted TestIdentitiesReportsProblems,100.0,3,5,False,,
IdentityFiles,internal/secrets/secrets.go,85,internal/secrets,nit,4,3,7,adequate,29,TestIdentitiesReportsProblems TestSSHIdentityIsAccepted,88.0,6,8,False,,"isSSHKey is evaluated in parseIdentities and again at L100. The same PEM is parsed by agessh.ParseIdentity and again by ssh.ParsePrivateKey only to get the public key. The second parse cannot fail once the first succeeded, so L103-105 is dead code."
IdentityFile.Opens,internal/secrets/secrets.go,126,internal/secrets,good,5,2,7,weak,21,TestSopsTriesEveryIdentityThatIsARecipient,100.0,1,1,False,,"The comment on TestSopsTriesEveryIdentityThatIsARecipient says non-recipients get no run, but the test only asserts that decryption succeeds. Mutating Opens to always return true passes the whole repo suite, so the ADR guarantee that sops runs only for recipient files is unguarded."
recipientKey,internal/secrets/secrets.go,133,internal/secrets,good,5,3,8,adequate,21,TestSopsOpensWithAnSSHIdentity,85.7,2,2,False,,
sshRecipientKey,internal/secrets/secrets.go,145,internal/secrets,good,5,3,8,adequate,2,,100.0,,,True,,
isSSHKey,internal/secrets/secrets.go,149,internal/secrets,nit,4,3,7,adequate,27,TestSSHIdentityIsAccepted,100.0,,,False,,"The match is on a substring anywhere in the file. An age identity file with a user comment such as '# PRIVATE KEY of ops' is classified as ssh, and loading fails with 'reading the ssh identity …' even though the file is a valid age identity file."
Decrypt,internal/secrets/secrets.go,154,internal/secrets,good,5,3,8,adequate,3,TestDecrypt TestDecryptWithTheWrongIdentity,91.7,5,6,False,,
DecryptString,internal/secrets/secrets.go,174,internal/secrets,good,5,4,9,strong,1,TestDecrypt,75.0,1,2,False,,
SopsValueType,internal/secrets/sops.go,29,internal/secrets,good,5,5,10,strong,344,TestSopsValueType,100.0,3,3,False,,
SopsInfo.Summary,internal/secrets/sops.go,61,internal/secrets,good,5,4,9,strong,10,TestInspectSopsReadsEveryKindOfKey TestSopsRoundTrip,93.8,2,2,False,,
DefaultSopsKeyTypes,internal/secrets/sops.go,90,internal/secrets,good,5,3,8,adequate,24,,100.0,,,True,,
SopsInfo.CheckKeyTypes,internal/secrets/sops.go,97,internal/secrets,good,5,4,9,strong,27,TestSopsTrustsOnlyTheConfiguredKeyTypes,100.0,4,4,False,,
sopsKeyGroup.keys,internal/secrets/sops.go,162,internal/secrets,good,5,5,10,strong,349,TestInspectSopsReadsEveryKindOfKey,100.0,1,1,False,,
InspectSops,internal/secrets/sops.go,213,internal/secrets,good,5,5,10,strong,339,TestInspectSopsReadsEveryKindOfKey TestInspectSopsRejectsWhatSopsDidNotWrite TestSopsIsNotNeededToInspect,100.0,2,2,False,,
readSops,internal/secrets/sops.go,221,internal/secrets,nit,4,4,8,strong,349,TestInspectSopsRejectsWhatSopsDidNotWrite,92.0,7,8,False,,"inspect runs before checkFields. For a file whose only keys are of a kind clusterctl does not know (e.g. future_kms), the error is 'the sops metadata names no key to decrypt with' (reproduced) instead of naming the unknown kind. The file is still refused, but the message misleads."
checkFields,internal/secrets/sops.go,264,internal/secrets,good,4,5,9,strong,347,TestInspectSopsRejectsWhatSopsDidNotWrite,100.0,6,6,False,,"The map is ranged in random order, so a file with two unknown fields gets a different error on each run."
inspect,internal/secrets/sops.go,287,internal/secrets,good,4,5,9,strong,349,TestInspectSopsRejectsWhatSopsDidNotWrite TestInspectSopsReadsEveryKindOfKey TestSopsRefusesAMACOverEncryptedValuesOnly,100.0,8,8,False,,
checkValueTypes,internal/secrets/sops.go,329,internal/secrets,good,5,4,9,strong,25,TestSopsKeepsPlaintextOutOfErrors,87.5,2,2,False,,
joinPath,internal/secrets/sops.go,357,internal/secrets,good,5,2,7,weak,25,,100.0,0,1,False,,"The path it builds appears only in checkValueTypes' error, and no test asserts it. Changing the separator to '/' survived the full suite."
SopsFound.String,internal/secrets/sopscmd.go,75,internal/secrets,good,5,1,6,incidental,6,,100.0,,,True,,
Sops.binary,internal/secrets/sopscmd.go,77,internal/secrets,good,5,3,8,adequate,32,,100.0,,,True,,
Sops.Find,internal/secrets/sopscmd.go,86,internal/secrets,good,5,3,8,adequate,32,TestSopsVersion,100.0,2,3,False,,
Sops.find,internal/secrets/sopscmd.go,96,internal/secrets,bug,2,3,5,adequate,32,TestSopsVersion,87.0,5,8,False,upheld,"LookPath returns a relative path unchanged when Binary contains a slash. With a relative --config (-c .) and workstation.sopsBinary: bin/sops, app passes 'bin/sops'. It is then run with Dir set to the temp dir, where it does not exist. Reproduced: 'bin/sops --version failed: fork/exec bin/sops: no such file…; sops 3.10.0 or later is needed'."
parseSopsVersion,internal/secrets/sopscmd.go,132,internal/secrets,good,5,3,8,adequate,31,,75.0,2,3,False,,
atLeast,internal/secrets/sopscmd.go,141,internal/secrets,good,4,3,7,adequate,31,TestSopsVersion,85.7,1,3,False,,
DecryptSops,internal/secrets/sopscmd.go,184,internal/secrets,nit,4,4,8,strong,27,TestSopsRoundTrip TestSopsIsRunTheOneWay TestSopsDiscoversKeysOnlyWhenAsked TestSopsTriesEveryIdentityThatIsARecipient TestSopsTrustsOnlyTheConfiguredKeyTypes TestSopsRefusesTampering TestSopsKeepsPlaintextOutOfErrors TestSopsSaysNothingOnceTheDataKeyIsOpen TestSopsTriesAgeFirst,95.8,6,8,False,,"A package function whose second parameter is the *Sops it operates on. The only caller writes secrets.DecryptSops(ctx, a.sopsLocked(), raw, keys, sections)."
recipients,internal/secrets/sopscmd.go,257,internal/secrets,good,4,2,6,weak,1,,85.7,0,2,False,,"Only TestSopsRefusesTampering runs it, and that test asserts err!=nil. Changing the separator, or listing every key type, survived."
decrypt,internal/secrets/sopscmd.go,290,internal/secrets,nit,4,4,8,strong,23,TestSopsSaysNothingOnceTheDataKeyIsOpen TestSopsRefusesTampering,87.5,6,7,False,,"When stdout exceeds maxStdout, capped fails and exec closes the pipe. sops, a Go program, then dies of SIGPIPE, and Run returns an ExitError (code -1) rather than the cap error (verified with a Go child). The user sees 'could not be decrypted … (sops exited -1…)' instead of the size limit."
oneLine,internal/secrets/sopscmd.go,317,internal/secrets,good,5,4,9,strong,4,TestSopsSaysNothingOnceTheDataKeyIsOpen,100.0,,,False,,
command,internal/secrets/sopscmd.go,330,internal/secrets,nit,4,2,6,weak,31,TestSopsIsRunTheOneWay,88.9,0,3,False,,Neither the Setsid isolation nor the SIGTERM cancel is observed by any test. Flipping !terminal and removing cmd.Cancel both survived the full suite.
isolated,internal/secrets/sopscmd.go,351,internal/secrets,good,5,4,9,strong,31,TestSopsIsRunTheOneWay TestSopsDiscoversKeysOnlyWhenAsked,100.0,0,1,False,,
discovering,internal/secrets/sopscmd.go,369,internal/secrets,good,5,4,9,strong,6,TestSopsIsRunTheOneWay TestSopsTriesAgeFirst,100.0,1,1,False,,
capped.Write,internal/secrets/sopscmd.go,387,internal/secrets,good,5,2,7,weak,31,,75.0,1,2,False,,"The cap branch never runs, and disabling the cap survived the full suite."
sectionValues,internal/secrets/sopscmd.go,398,internal/secrets,good,5,3,8,adequate,19,TestSopsValuesComeBackAsWritten,73.1,5,8,False,,
sectionOf,internal/secrets/sopscmd.go,437,internal/secrets,good,5,2,7,weak,19,TestSopsValuesComeBackAsWritten,66.7,2,8,False,,"ADR 0019 says a non-string value or a repeated key is refused with its key named, yet no test executes either path. Accepting non-strings, dropping the duplicate check, or failing on null all survived."
Binary,internal/secrets/sopstest/sopstest.go,29,internal/secrets/sopstest,good,5,3,8,adequate,35,,80.0,1,1,False,,
Encrypt,internal/secrets/sopstest/sopstest.go,40,internal/secrets/sopstest,good,5,5,10,strong,23,TestEncryptWritesWhatTheReaderDecrypts,100.0,,,True,,
EncryptWithRegex,internal/secrets/sopstest/sopstest.go,47,internal/secrets/sopstest,good,5,5,10,strong,24,TestEncryptWritesWhatTheReaderDecrypts,100.0,,,True,,
EncryptWith,internal/secrets/sopstest/sopstest.go,62,internal/secrets/sopstest,good,5,4,9,strong,35,,88.9,3,3,False,,
AddVaultKey,internal/secrets/sopstest/sopstest.go,103,internal/secrets/sopstest,good,5,3,8,adequate,3,,83.3,1,1,False,,
safe,internal/shellquote/shellquote.go,19,internal/shellquote,good,5,4,9,strong,253,TestQuote,100.0,8,8,False,,
Quote,internal/shellquote/shellquote.go,36,internal/shellquote,good,5,5,10,strong,253,TestQuote TestQuoteSurvivesTheShell,100.0,4,4,False,,
Join,internal/shellquote/shellquote.go,58,internal/shellquote,good,5,5,10,strong,246,TestQuoteSurvivesTheShell TestJoinRoundTrips,100.0,,,False,,
Split,internal/shellquote/shellquote.go,70,internal/shellquote,rework,3,4,7,strong,3,TestSplit TestJoinRoundTrips,97.0,7,8,False,upheld,"The doc says Split is used for group source definitions converted from an older format. Its only callers are shellquote_test.go and cli/tunnel_test.go, and group sources now take argv lists. The doc describes a use that does not exist, and exported production code is kept only for tests."
errUnterminated.Error,internal/shellquote/shellquote.go,126,internal/shellquote,good,4,0,4,none,0,,0.0,,,True,,"errUnterminated is a type but is spelled like a sentinel error variable (errX), which misleads a reader scanning for sentinels."
Render,internal/slurm/fake.go,23,internal/slurm,nit,4,3,7,adequate,35,,100.0,,,False,,"A test-only fake (Row, Render, Arg) is exported and compiled into the production slurm package. Only _test files in slurm, cli and mcpserver use it."
Arg,internal/slurm/fake.go,37,internal/slurm,nit,4,3,7,adequate,35,,100.0,1,1,False,,A generic transport.Request helper sits in slurm's fake file and is exported into production code.
Client.run,internal/slurm/slurm.go,56,internal/slurm,rework,3,3,6,adequate,31,,100.0,2,2,False,upheld,"Every caller (Drain, Resume, AddAccount, SetCoordinators, SetFairShare, AddUser x2, setDefaultAccount) ignores the returned lines, so the doc's 'returns its lines' describes an unused result."
Client.read,internal/slurm/slurm.go,65,internal/slurm,good,5,3,8,adequate,55,TestSlurmDrainDryRunChecksTheSetAndSendsNothing TestSlurmUserAddDryRunChecksTheDirectory,100.0,1,1,False,,
Client.readLines,internal/slurm/slurm.go,74,internal/slurm,good,5,3,8,adequate,39,,100.0,,,True,,
Client.exec,internal/slurm/slurm.go,85,internal/slurm,good,5,3,8,adequate,57,TestErrorsKeepSlurmsMessageAndTheTransportsCode,83.3,3,4,False,,
Client.failure,internal/slurm/slurm.go,106,internal/slurm,nit,4,4,8,strong,7,TestErrorsKeepSlurmsMessageAndTheTransportsCode TestErrorsFromTheClientAreReported TestSlurmFailuresKeepSlurmsMessageAndTheRightCode,100.0,5,5,False,,"ExitCode <= 0 also catches a truncated result, where the transport sets Err with exit status 0. That result is classed as Transport (3) although the host answered, and the doc names only 'no exit status at all'."
keepCode,internal/slurm/slurm.go,119,internal/slurm,nit,4,2,6,weak,3,TestErrorsKeepSlurmsMessageAndTheTransportsCode,100.0,3,3,False,,The same wrap-unless-coded pattern is written inline in internal/cli/bmc.go:288-291 and internal/safety/safety.go:113-116.
oneLine,internal/slurm/slurm.go,129,internal/slurm,good,5,3,8,adequate,6,TestErrorsKeepSlurmsMessageAndTheTransportsCode,100.0,1,1,False,,
isControl,internal/slurm/slurm.go,140,internal/slurm,nit,4,3,7,adequate,24,,100.0,2,2,False,,"It reimplements unicode.IsControl, which covers exactly C0, DEL and C1."
Client.timeout,internal/slurm/slurm.go,144,internal/slurm,good,4,1,5,incidental,57,,100.0,,,True,,"It has no doc comment, and the 2-minute default is not documented on the Client.Timeout field either."
fields,internal/slurm/slurm.go,153,internal/slurm,rework,3,2,5,weak,6,,75.0,0,1,False,upheld,"A '|' inside a value shifts the later columns, and the surplus is dropped without an error. Accounts parses Description and Organization this way, and ValidateText lets --description 'a|b' through. If sacctmgr prints the value verbatim, account list would misreport the organisation and drop coordinators."
newFramed,internal/slurm/slurm.go,175,internal/slurm,good,4,3,7,adequate,33,TestNodesCannotBeForgedThroughAReason TestSlurmOutputCannotBeForgedThroughAReason,100.0,,,False,,"The parameter fields shadows the package-level func fields, and the constructor has no doc comment."
framed.format,internal/slurm/slurm.go,184,internal/slurm,good,5,3,8,adequate,33,,100.0,,,True,,
framed.records,internal/slurm/slurm.go,190,internal/slurm,good,4,4,8,strong,32,TestNodesCannotBeForgedThroughAReason TestNodesRefusesOutputOfTheWrongShape TestJobsFilter,93.8,5,6,False,,"The Errorf for the two shape failures is written out twice, identically."
Node.BaseState,internal/slurm/slurm.go,235,internal/slurm,good,5,3,8,adequate,25,TestBaseStateStripsFlags,100.0,,,False,,
noReason,internal/slurm/slurm.go,243,internal/slurm,good,5,4,9,strong,46,TestSlurmNodeListShowsNoReasonForHealthyNodes,100.0,2,2,False,,
Client.Nodes,internal/slurm/slurm.go,256,internal/slurm,rework,3,3,6,adequate,31,TestNodesParsesParsableOutput TestNodesCannotBeForgedThroughAReason TestNodesRefusesOutputOfTheWrongShape TestNodesKeepsOnlyTheStateAskedFor,96.3,5,8,False,upheld,"sinfo is called without --all, while CheckNodes (L396-398) and bmc.go:365 add it because nodes of hidden partitions are otherwise left out. Nodes that CheckNodes accepted and scontrol changed can then be missing from node list, plan warnings and readBack."
Client.NodeSet,internal/slurm/slurm.go,303,internal/slurm,nit,4,4,8,strong,3,TestNodesKeepsOnlyTheStateAskedFor TestSlurmStateGroupsMatchTheReportedState,75.0,2,4,False,,"In this package 'NodeSet' also means a slurm.conf NodeSet name (L384, L415), so c.NodeSet(ctx, states) can read as resolving one."
StateGroups,internal/slurm/slurm.go,319,internal/slurm,good,5,3,8,adequate,341,TestStateGroups TestSlurmStateGroupsMatchTheReportedState,100.0,,,True,,
stateFilter,internal/slurm/slurm.go,352,internal/slurm,good,5,4,9,strong,29,TestNodesKeepsOnlyTheStateAskedFor TestSlurmStateGroupsMatchTheReportedState,100.0,5,5,False,,
States,internal/slurm/slurm.go,371,internal/slurm,good,5,3,8,adequate,7,,100.0,2,2,False,,
Client.CheckNodes,internal/slurm/slurm.go,392,internal/slurm,good,4,4,8,strong,26,TestCheckNodesRefusesWhatSlurmExpands TestSlurmChangesRefuseNamesSlurmExpands TestSlurmDrainDryRunChecksTheSetAndSendsNothing,88.2,7,8,False,,
refuseAll,internal/slurm/slurm.go,425,internal/slurm,nit,4,5,9,strong,30,TestCheckNodesRefusesWhatSlurmExpands TestDrainRequiresAReason,100.0,2,2,False,,"At call sites, refuseAll(ns) reads as refusing the whole set rather than the word ALL."
ValidateReason,internal/slurm/slurm.go,444,internal/slurm,nit,4,5,9,strong,23,TestValidateReason TestSlurmDrainRefusesBadReasonsBeforeTheGate,100.0,8,8,False,,"It checks emptiness and length on the trimmed reason but returns no normalised value. The CLI (slurm.go:145) and MCP (plan.go:106) both trim first, and Drain sends whatever it is given."
Client.Drain,internal/slurm/slurm.go,477,internal/slurm,good,5,5,10,strong,9,TestDrainRequiresAReason TestAFailedUpdateSaysWhichNodesChanged TestSlurmDrainQuotesTheReason,100.0,6,6,False,,
Client.Resume,internal/slurm/slurm.go,496,internal/slurm,good,5,3,8,adequate,18,TestResume TestErrorsKeepSlurmsMessageAndTheTransportsCode,88.9,3,6,False,,
Client.readBack,internal/slurm/slurm.go,517,internal/slurm,nit,4,3,7,adequate,3,TestAFailedUpdateSaysWhichNodesChanged,91.7,5,5,False,downgraded,"A node that sinfo did not return is reported as definitely not in the state. Nodes lacks --all, so a hidden-partition node that CheckNodes accepted (it adds --all for exactly this reason) can be reported as not drained after a partial update."
isAre,internal/slurm/slurm.go,539,internal/slurm,good,5,4,9,strong,2,,100.0,,,True,,
Client.Partitions,internal/slurm/slurm.go,561,internal/slurm,nit,4,2,6,weak,2,TestSlurmPartitionAndAccounts,93.3,3,6,False,,"sinfo %P marks the default partition with '*', so Partition.Name is 'main*' in the JSON and MCP output. That value cannot be passed back as the name filter (--partition main*). Nodes in the same file already uses %R."
Client.Jobs,internal/slurm/slurm.go,613,internal/slurm,good,5,3,8,adequate,22,TestJobsFilter,88.9,4,7,False,,
Client.History,internal/slurm/slurm.go,671,internal/slurm,good,5,3,8,adequate,2,TestHistoryUsesATimeWindow TestSlurmJobHistoryWindowIsRelative,81.0,3,6,False,,
Client.Accounts,internal/slurm/slurm.go,729,internal/slurm,bug,2,3,5,adequate,2,TestAccountsAndUsers TestSlurmPartitionAndAccounts,81.8,1,3,False,upheld,"Confirmed with a probe: the description 'Physics | Detectors' (accepted by ValidateText, or set directly with sacctmgr) comes back as Description 'Physics ', Organization ' Detectors', Coordinators 'example', and the real coordinators are lost. A newline in a description could add a forged account row."
Client.AccountLimits,internal/slurm/slurm.go,750,internal/slurm,nit,4,0,4,none,0,,0.0,,,False,,"Cluster's doc notes that one slurmdbd can serve several clusters. Without cluster= or a Cluster field, the same account and user appear once per cluster with different limits, and nothing says which row applies to this cluster."
Client.Users,internal/slurm/slurm.go,772,internal/slurm,nit,4,2,6,weak,1,TestAccountsAndUsers,90.9,1,3,False,,"With no cluster= condition and no Cluster field, a user's associations and default account from every cluster served by the slurmdbd are listed together and cannot be told apart."
Client.Shares,internal/slurm/slurm.go,793,internal/slurm,nit,4,0,4,none,0,,0.0,,,False,downgraded,"Duplicates AccountLimits: both list account associations ('withassoc' vs '--associations'), and AccountLimits already returns Account, User and Fairshare."
ValidateName,internal/slurm/slurm.go,819,internal/slurm,nit,4,4,8,strong,12,TestAccountingRefusesNamesSacctmgrExpands TestSlurmAccountingRefusesNamesSacctmgrExpands,100.0,2,2,False,,"The error for '-x', '.x' or '@x' says 'use letters, digits and . _ @ - only', yet those names use only those characters. The rule about the first character is never stated, which confuses the operator."
ValidateUserName,internal/slurm/slurm.go,830,internal/slurm,good,5,4,9,strong,9,TestAccountingRefusesNamesSacctmgrExpands TestSlurmAccountingRefusesNamesSacctmgrExpands,100.0,4,4,False,,
ValidateText,internal/slurm/slurm.go,842,internal/slurm,rework,3,3,6,adequate,4,TestSlurmAccountingRefusesNamesSacctmgrExpands,100.0,1,2,False,downgraded,"'slurm account add proj example ""Physics | Detectors""' passes validation and is written. 'account list' then shows Description 'Physics ', Organization ' Detectors' and Coordinators 'example'. ValidateReason refuses '|' for exactly this reason (doc/safety.md)."
ValidateFairShare,internal/slurm/slurm.go,856,internal/slurm,good,5,3,8,adequate,2,TestSlurmAccountingRefusesNamesSacctmgrExpands,100.0,2,2,False,,
Client.Cluster,internal/slurm/slurm.go,868,internal/slurm,nit,4,2,6,weak,9,TestSlurmAccountingChangesNameTheCluster,86.7,3,7,False,,"'Every accounting change clusterctl makes therefore names the cluster' is not true of SetCoordinators. That call is correctly global, since Slurm coordinators are not per cluster, but the invariant as written misleads."
Client.Organization,internal/slurm/slurm.go,894,internal/slurm,nit,4,3,7,adequate,4,TestAddAccountFillsInTheDefaults,80.0,2,2,False,,The fallback behaviour appears only in the doc; the call site c.Organization(org) does not show it. The matching default-account resolution in PlanUserAdd is written inline instead of as a sibling method.
Client.AddAccount,internal/slurm/slurm.go,905,internal/slurm,nit,4,4,8,strong,3,TestAddAccountFillsInTheDefaults TestSlurmAccountingChangesNameTheCluster,85.7,2,4,False,,Safety depends on the caller calling ValidateName first. Drain validates inside itself; here a new caller passing 'proj[1-100]' would create a hundred accounts.
Client.SetCoordinators,internal/slurm/slurm.go,919,internal/slurm,rework,3,0,3,none,0,,0.0,,,True,upheld,"SetCoordinators(ctx, ""proj"", []string{""bob""}) leaves alice as a coordinator. The name, and the CLI message 'coordinators of proj set', suggest the list is replaced, while the CLI help says 'Add coordinators'."
Client.SetFairShare,internal/slurm/slurm.go,926,internal/slurm,good,5,4,9,strong,1,TestSlurmAccountingChangesNameTheCluster,80.0,1,3,False,,
Client.HasPosixUser,internal/slurm/slurm.go,941,internal/slurm,good,5,4,9,strong,7,TestHasPosixUserAsksGetent,85.7,4,6,False,,
Client.PlanUserAdd,internal/slurm/slurm.go,975,internal/slurm,good,5,3,8,adequate,5,TestAddUserCreatesOrAssociates TestSlurmUserAddPreviewResolvesTheDefaults TestSlurmUserAddSetsTheDefaultAccountOfAnExistingUser,85.7,5,8,False,,
UserAddition.String,internal/slurm/slurm.go,1030,internal/slurm,good,5,5,10,strong,5,TestAddUserCreatesOrAssociates TestSlurmUserAddPreviewEscapesWhatSlurmSaid,100.0,4,4,False,,
UserAddition.Changes,internal/slurm/slurm.go,1052,internal/slurm,good,5,5,10,strong,5,TestAddUserCreatesOrAssociates,100.0,,,True,,
plural,internal/slurm/slurm.go,1056,internal/slurm,good,5,4,9,strong,5,,100.0,,,True,,
and,internal/slurm/slurm.go,1063,internal/slurm,nit,4,4,8,strong,5,,100.0,1,1,False,,'and' at package level reads like an operator; a reader of and(u.associate) must look up what it does.
Client.AddUser,internal/slurm/slurm.go,1071,internal/slurm,good,5,4,9,strong,3,TestAddUserCreatesOrAssociates,88.9,5,7,False,,
Client.SetDefaultAccount,internal/slurm/slurm.go,1090,internal/slurm,good,5,4,9,strong,1,TestSlurmAccountingChangesNameTheCluster,75.0,2,3,False,,
Client.setDefaultAccount,internal/slurm/slurm.go,1098,internal/slurm,good,5,4,9,strong,3,,100.0,,,True,,
Expand,internal/tmpl/tmpl.go,20,internal/tmpl,good,5,4,9,strong,320,TestExpand TestExpandReportsMistakes,100.0,7,8,False,,
Names,internal/tmpl/tmpl.go,55,internal/tmpl,good,5,5,10,strong,3,TestNamesAreSorted,100.0,,,False,,
Prefixed,internal/tmpl/tmpl.go,66,internal/tmpl,nit,4,3,7,adequate,326,,80.0,1,1,False,downgraded,"Swapping values and into still compiles and silently writes into the wrong map. naming.go:40 ignores the return value, and the nil-into branch (67-69) has no caller. The doc comment does not say that into is modified."
main,internal/tools/gendocs/main.go,27,internal/tools/gendocs,good,5,0,5,none,0,,0.0,,,True,,
generate,internal/tools/gendocs/main.go,38,internal/tools/gendocs,nit,4,3,7,adequate,1,TestGenerate,68.4,4,8,False,,"Output directories are written over, never cleaned. After a command is renamed, `make docs` or site/build.sh (line 185, in the working tree) leaves the old page in site/content/reference, and Hugo renders it. CI uses a fresh checkout, so only local builds drift."
writeIndex,internal/tools/gendocs/main.go,72,internal/tools/gendocs,good,5,3,8,adequate,1,,100.0,,,True,,
prepend,internal/tools/gendocs/main.go,89,internal/tools/gendocs,good,4,4,8,strong,2,TestPrepend,100.0,1,1,False,,
link,internal/tools/gendocs/main.go,105,internal/tools/gendocs,good,5,5,10,strong,2,TestLink,100.0,,,True,,
Client.CopyArgs,internal/transport/copy.go,31,internal/transport,bug,2,3,5,adequate,6,TestCopyArgs TestNoTerminalNeverPrompts,92.9,6,8,False,upheld,"Account never validated. `clusterctl copy -n exe1 -u 'x:y' f /tmp/` emits ""x:y@exe0001...:/tmp/"" (probe confirmed); scp splits at the first ':' and targets host ""x"". The same -u on the real ssh path exits 2, as doc/transport.md promises."
localPath,internal/transport/copy.go,78,internal/transport,good,5,3,8,adequate,6,TestCopyArgs,75.0,0,1,False,,"The colon branch, the case the comment leads with, is never executed. Removing it would let a download destination ""a:b"" be read as a remote host, and every test would still pass."
Client.Copy,internal/transport/copy.go,90,internal/transport,nit,4,3,7,adequate,5,TestCopyReportsAnInterruptAsInterrupted TestNoTerminalNeverPrompts,91.7,1,2,False,,"cmd.Stdout = os.Stderr bypasses the app's streams, so harnesses cannot capture it and parallel progress meters interleave on one terminal. Stderr over DefaultMaxOutput is cut silently, with no Truncated flag as Run sets."
Recorder.Run,internal/transport/fake.go,41,internal/transport,nit,4,3,7,adequate,207,TestRecorder,90.5,4,6,False,,"Unlike Client.Run it skips destination() and the guarded length check. A probe showed CLI `exec -u 'x:y'` passing against the Recorder while the real client exits 2, so tests and plans can record calls the real run refuses."
Recorder.Calls,internal/transport/fake.go,77,internal/transport,good,5,4,9,strong,128,TestRecorder,100.0,,,True,,
Recorder.Commands,internal/transport/fake.go,84,internal/transport,nit,4,5,9,strong,31,TestRecorder,100.0,,,True,,"The double Calls() does redundant locking and copying, and the capacity and the iteration may come from different snapshots under concurrent Run. Harmless, but needless."
Call.Describe,internal/transport/fake.go,93,internal/transport,nit,4,3,7,adequate,19,TestRecorder,66.7,1,1,False,,"Nothing in the CLI prints Describe. login --dry-run prints the ssh argv and the gate prints its own preview. The claim ""the way --dry-run prints it"" (also on Call.Command) is inaccurate."
Client.generateConfig,internal/transport/sshconfig.go,42,internal/transport,nit,4,2,6,weak,53,TestGeneratedConfigCarriesTrustSettings TestGeneratedConfigIncludesSystemConfigLast TestGeneratedConfigUsesRealHostNames TestConfigurationWithoutAHostKeyFileIsRefused,88.9,3,8,False,,"Validate already renders every role body and the global body (resolving each proxyJump) on a throwaway Client. generateConfig then renders them again, so its two error returns can never fire and each jump is resolved three times."
Client.options,internal/transport/sshconfig.go,92,internal/transport,good,4,3,7,adequate,53,,100.0,,,True,,"The doc says it returns what the client was built from, but NoTerminal is dropped. A future Validate check on NoTerminal would silently see false."
writeRoleComment,internal/transport/sshconfig.go,105,internal/transport,good,5,3,8,adequate,34,TestAMultiLineDescriptionStaysAComment,100.0,0,3,False,,
block.set,internal/transport/sshconfig.go,125,internal/transport,good,5,4,9,strong,344,,100.0,2,2,False,,
block.options,internal/transport/sshconfig.go,135,internal/transport,nit,4,3,7,adequate,344,TestSmallerGeneratorDefects,100.0,4,4,False,,"A ProxyCommand option on a role with proxyJump is accepted, but ssh silently ignores ProxyCommand after ProxyJump (verified with ssh -G, OpenSSH 9.6). doc/transport.md promises that keywords ssh would ignore are refused."
Client.roleBodies,internal/transport/sshconfig.go,150,internal/transport,good,5,4,9,strong,344,,100.0,2,2,False,,
Client.roleBody,internal/transport/sshconfig.go,162,internal/transport,nit,4,3,7,adequate,327,TestControlMasterOnlyForMarkedRoles,90.0,5,7,False,,"forwardX11 silently grants trusted X11 forwarding (ForwardX11Trusted yes), which gives the remote host full access to the local display. The field doc and doc/transport.md do not say so, and no test runs this branch."
Client.globalBody,internal/transport/sshconfig.go,200,internal/transport,nit,4,2,6,weak,344,TestGeneratedConfigCarriesTrustSettings TestHostKeysAreCheckedAgainstTheSiteFileAlone,100.0,3,8,False,,The bool exists so that Validate can call globalBody(true) without running ssh -V. The literal true at the call site is opaque.
writeLegacyAlgorithms,internal/transport/sshconfig.go,254,internal/transport,good,5,4,9,strong,313,TestGeneratedConfigSpellsLegacyKeywordTheOldWay TestLegacyKeyTypesReachEveryHost,100.0,,,True,,
merged,internal/transport/sshconfig.go,292,internal/transport,good,5,3,8,adequate,485,,100.0,,,False,,
canonicalKeyword,internal/transport/sshconfig.go,304,internal/transport,good,5,2,7,weak,344,,75.0,1,1,False,,
Client.knowsKnownHostsCommand,internal/transport/sshconfig.go,321,internal/transport,good,5,2,7,weak,50,,90.9,0,6,False,,
Client.includes,internal/transport/sshconfig.go,342,internal/transport,good,4,4,8,strong,50,TestGeneratedConfigIncludesSystemConfigLast TestIncludeGlobsArePassedToSSH,100.0,2,3,False,,"The doc says missing files are skipped so that ssh never reports them, but ssh -G with an Include of a nonexistent file exits 0 without a message (OpenSSH 9.6). The skip only changes the generated file's content."
isGlob,internal/transport/sshconfig.go,356,internal/transport,good,5,3,8,adequate,30,,100.0,,,True,,
Client.controlPath,internal/transport/sshconfig.go,365,internal/transport,good,5,3,8,adequate,315,TestControlMasterSocketsAreKeptApartPerTrustSetting,66.7,0,1,False,,
Client.trustDigest,internal/transport/sshconfig.go,372,internal/transport,good,5,4,9,strong,315,TestControlMasterSocketsAreKeptApartPerTrustSetting,100.0,1,1,False,,
parseHop,internal/transport/sshconfig.go,384,internal/transport,bug,2,2,4,weak,316,,54.5,1,8,False,upheld,"Any element with two or more colons is accepted as an address. proxyJump 'gw.example.org:22:' passes Validate and is written as 'ProxyJump gw.example.org:22:'. ssh then refuses the whole file ('Invalid ProxyJump ... terminating'), so every connection fails (verified with OpenSSH 9.6)."
jumpHop.String,internal/transport/sshconfig.go,421,internal/transport,bug,2,3,5,adequate,315,,87.5,1,3,False,upheld,"With role gw {host: 2001:db8::1} and role a {proxyJump: gw}, Validate returns nil and the file gets 'ProxyJump alice@2001:db8::1'. ssh -G then exits 255 with 'Invalid ProxyJump' for any host (verified). HostRole.host and doc/transport.md both allow addresses."
Client.resolveJumps,internal/transport/sshconfig.go,443,internal/transport,good,4,4,8,strong,316,TestProxyJumpResolvesEveryHop,95.0,6,8,False,,
Client.roleByHost,internal/transport/sshconfig.go,476,internal/transport,good,5,4,9,strong,5,,100.0,1,1,False,,
Options.Validate,internal/transport/sshconfig.go,491,internal/transport,nit,4,3,7,adequate,345,TestControlCharactersInValuesAreRefused TestSmallerGeneratorDefects TestProxyJumpCyclesAreRefused,92.5,7,8,False,,"A relative ssh.controlPath passes. ssh resolves it against each process's working directory, so masters are not shared and sockets land wherever clusterctl runs. doc/transport.md says configured paths are absolute."
Client.checkSharedHosts,internal/transport/sshconfig.go,575,internal/transport,good,5,4,9,strong,344,TestSmallerGeneratorDefects,93.3,5,6,False,,
Client.checkJumpCycles,internal/transport/sshconfig.go,602,internal/transport,good,5,4,9,strong,344,TestProxyJumpCyclesAreRefused,100.0,6,7,False,,
validHost,internal/transport/sshconfig.go,660,internal/transport,rework,3,3,6,adequate,328,,100.0,,,True,upheld,"A second host validator that disagrees with hostname.CheckHost, which destination() uses. Role host 'u_x.example.org' passes Validate and config validate, then every command on the role fails on '_' (verified). Colon strings reach ProxyJump (see parseHop)."
validUser,internal/transport/sshconfig.go,665,internal/transport,rework,3,2,5,weak,320,,100.0,,,True,upheld,"The two user-name validators disagree. DefaultUser 'alice@AD.EXAMPLE.ORG' or 'host$' passes Validate, yet destination() refuses it on every command. '.alice' is refused by Validate although destination and the HostRole schema accept it (verified)."
checkPath,internal/transport/sshconfig.go,668,internal/transport,good,5,4,9,strong,345,TestControlCharactersInValuesAreRefused,100.0,4,4,False,,
hasControl,internal/transport/sshconfig.go,680,internal/transport,nit,4,4,8,strong,345,,100.0,5,6,False,,allowLines is a mode flag whose name hides that it also allows tab. The literal false at four call sites is opaque.
quote,internal/transport/sshconfig.go,694,internal/transport,good,5,5,10,strong,344,TestAHostKeyFileWithASpaceIsReadWhole,100.0,,,True,,
escapePercent,internal/transport/sshconfig.go,697,internal/transport,good,5,1,6,incidental,344,,100.0,,,True,,
Client.writeConfig,internal/transport/sshconfig.go,708,internal/transport,good,5,3,8,adequate,53,TestEachConfigurationGetsItsOwnFile,83.3,3,6,False,,
seconds,internal/transport/sshconfig.go,729,internal/transport,good,5,5,10,strong,344,TestDurationsAreNeverTruncatedToZero,100.0,,,True,,
persist,internal/transport/sshconfig.go,736,internal/transport,good,4,4,8,strong,315,TestDurationsAreNeverTruncatedToZero,100.0,0,1,False,,
expandHome,internal/transport/sshconfig.go,743,internal/transport,nit,4,2,6,weak,321,,50.0,1,2,False,,A verbatim copy of the tilde half of config.ExpandPath. The two copies can drift apart.
sortedKeys,internal/transport/sshconfig.go,752,internal/transport,nit,4,2,6,weak,345,,100.0,,,False,,"A hand-rolled duplicate (another copy lives in internal/output) of slices.Sorted(maps.Keys(m)), available on Go 1.26."
Target.String,internal/transport/transport.go,88,internal/transport,good,5,4,9,strong,61,TestTargetString,100.0,1,1,False,,
Result.MarshalJSON,internal/transport/transport.go,153,internal/transport,good,5,4,9,strong,4,TestResultJSON,100.0,1,1,False,,
Result.Failed,internal/transport/transport.go,166,internal/transport,good,5,4,9,strong,203,TestResultHelpers,100.0,,,True,,
Result.Output,internal/transport/transport.go,169,internal/transport,good,5,4,9,strong,25,TestResultHelpers,100.0,,,True,,
Result.Lines,internal/transport/transport.go,172,internal/transport,good,5,4,9,strong,92,TestResultHelpers,100.0,1,1,False,,
New,internal/transport/transport.go,223,internal/transport,good,5,3,8,adequate,345,,100.0,,,True,,
Client.ConfigPath,internal/transport/transport.go,235,internal/transport,good,5,4,9,strong,53,TestConfigurationWithoutAHostKeyFileIsRefused TestEachConfigurationGetsItsOwnFile,100.0,1,1,False,,
Client.Binary,internal/transport/transport.go,241,internal/transport,good,5,3,8,adequate,50,,100.0,,,True,,
Client.ScpBinary,internal/transport/transport.go,249,internal/transport,good,5,2,7,weak,13,,100.0,,,True,,
Client.Command,internal/transport/transport.go,260,internal/transport,good,5,4,9,strong,23,TestTunnelStartUsesTheGeneratedSSHConfiguration,75.0,1,2,False,,
Client.Destination,internal/transport/transport.go,270,internal/transport,nit,4,3,7,adequate,3,TestTunnelStartUsesTheGeneratedSSHConfiguration,100.0,,,True,,"Destination exists only to export destination (L329), which Args calls under the other name. Two names and two doc comments cover one behaviour."
Client.Args,internal/transport/transport.go,276,internal/transport,nit,4,3,7,adequate,20,TestArgs TestArgsUsesTheRoleUser TestArgsEndOptionsBeforeTheDestination TestArgsRefuseADestinationThatIsNotAHost TestArgsAcceptAddressesAndAccounts TestNoShellSendsTheCommandAsItIs,84.6,4,8,False,,"-A, -X and -T are never asserted, and TestArgs only uses Contains, so an extra flag goes unnoticed. A regression that always appended -A, forwarding the agent to every node, would pass every test."
Client.destination,internal/transport/transport.go,329,internal/transport,good,5,5,10,strong,23,TestArgsRefuseADestinationThatIsNotAHost TestArgsAcceptAddressesAndAccounts TestArgsEndOptionsBeforeTheDestination,100.0,5,5,False,,
isUserName,internal/transport/transport.go,347,internal/transport,nit,4,4,8,strong,13,TestArgsRefuseADestinationThatIsNotAHost TestArgsAcceptAddressesAndAccounts,100.0,6,6,False,,"validUser (sshconfig.go:655) also accepts '@' and a trailing '$'. Verified: DefaultUser ""svc$"" or ""alice@EXAMPLE.ORG"" passes Options.Validate, so ConfigPath, config validate and doctor succeed, but every command is then refused with exit 2."
isUserChar,internal/transport/transport.go,359,internal/transport,good,5,4,9,strong,13,,100.0,,,True,,
Client.userFor,internal/transport/transport.go,365,internal/transport,good,5,4,9,strong,328,TestArgsUsesTheRoleUser,100.0,2,2,False,,
RemoteCommand,internal/transport/transport.go,379,internal/transport,good,5,5,10,strong,227,TestRemoteCommandRejectsBadRequests TestArgs TestRemoteStatusIsKept,100.0,8,8,False,,
duration,internal/transport/transport.go,421,internal/transport,nit,4,3,7,adequate,191,,66.7,1,1,False,,"Request.Timeout 300us renders as ""timeout -k 5s 0.000s cmd"". Verified: timeout(1) treats 0 as no limit, so a tiny timeout becomes none. Reachable through exec --timeout, but an implausible input."
Client.Run,internal/transport/transport.go,429,internal/transport,good,5,4,9,strong,8,TestRunReportsAnInterruptAsInterrupted TestRunClassifiesTheExitStatus TestRunReturnsWhenADescendantHoldsTheOutput TestRunStopsSshGently TestRunBoundsTheOutput TestRemoteStatusIsKept TestRemoteStatus255IsNotAConnectionFailure TestNoTerminalNeverPrompts,95.2,4,6,False,,"No test passes Stdin to Client.Run: cli tests use Recorder, and the fake-ssh tests pass none. Secrets travel over stdin, yet dropping cmd.Stdin = req.Stdin would pass every test."
capture.Write,internal/transport/transport.go,475,internal/transport,good,5,5,10,strong,5,TestRunBoundsTheOutput,100.0,,,False,,
capture.String,internal/transport/transport.go,482,internal/transport,good,5,4,9,strong,12,,100.0,,,True,,
Client.Interactive,internal/transport/transport.go,486,internal/transport,good,5,2,7,weak,1,TestInteractiveReportsAnInterruptAsInterrupted,73.3,2,5,False,,"Only the interrupt path is tested, and that test passes all three streams. Swapping the os.Stdout and os.Stderr defaults, or ignoring req.Stdout, would pass."
Client.command,internal/transport/transport.go,519,internal/transport,nit,4,5,9,strong,13,TestRunStopsSshGently TestRunReturnsWhenADescendantHoldsTheOutput TestNoTerminalNeverPrompts,100.0,3,3,False,,"Args reads `c.Command()` and Run reads `c.command(ctx, args)`: two methods named command with different meanings and return types make the call sites easy to misread."
classify,internal/transport/transport.go,537,internal/transport,good,4,4,8,strong,13,TestRunClassifiesTheExitStatus TestRunReportsAnInterruptAsInterrupted TestRemoteStatus255IsNotAConnectionFailure,92.3,4,6,False,,"When scp cannot start, Copy reports 'running ssh for X: exec: ""scp""…'. The wrapped error still names scp, so this is cosmetic."
cancelled,internal/transport/transport.go,560,internal/transport,good,5,4,9,strong,6,TestRunReportsAnInterruptAsInterrupted TestInteractiveReportsAnInterruptAsInterrupted TestCopyReportsAnInterruptAsInterrupted,100.0,2,2,False,,
exited,internal/transport/transport.go,571,internal/transport,good,5,4,9,strong,6,TestRunClassifiesTheExitStatus TestRemoteStatus255IsNotAConnectionFailure,85.7,3,3,False,,
ExitResult,internal/transport/transport.go,589,internal/transport,good,5,4,9,strong,4,TestRunClassifiesTheExitStatus,100.0,,,False,,
lastLine,internal/transport/transport.go,599,internal/transport,good,5,2,7,weak,3,,100.0,,,False,,"Every classified stderr in the tests is a single line, so returning the first line or the whole stderr would pass. Only the trailing-newline trim is effectively asserted, via 'Connection refused'."
Manager.Names,internal/tunnel/tunnel.go,57,internal/tunnel,good,5,5,10,strong,8,TestNames,100.0,,,False,,
Manager.Args,internal/tunnel/tunnel.go,72,internal/tunnel,good,5,3,8,adequate,10,TestArgsResolvesNamesAndTemplates TestArgsCarriesEveryOption TestArgsReportsProblems TestArgsConnectsWithTheGivenSSHCommand TestArgsRefusesOptionsClusterctlSets TestArgsRefusesAnEmptyExclude,91.1,6,8,False,,
Manager.Profile,internal/tunnel/tunnel.go,151,internal/tunnel,nit,4,4,8,strong,14,TestArgsReportsProblems TestStopRefusesAnUnknownName,100.0,2,2,False,,"If the site defines no tunnels, the error reads 'unknown tunnel ""x""; the site defines ' with nothing after it (verified by a probe)."
fixedOption,internal/tunnel/tunnel.go,172,internal/tunnel,nit,4,4,8,strong,2,TestArgsRefusesOptionsClusterctlSets,100.0,4,5,False,,"argparse accepts combined short flags: '-vessh' sets ssh_cmd='ssh' (verified with argparse), and fixedOption('-vessh') returns false. Last-wins ordering neutralises it, so the doc's 'any of the spellings' overclaims."
Manager.resolve,internal/tunnel/tunnel.go,186,internal/tunnel,good,5,4,9,strong,10,TestArgsResolvesNamesAndTemplates,87.5,3,4,False,,
validateSubnet,internal/tunnel/tunnel.go,205,internal/tunnel,nit,4,2,6,weak,8,,75.0,4,4,False,,"Verified: '[2001:db8::/32]:80' and '0/0' are refused with 'neither ... nor ... CIDR form', although sshuttle accepts both. A profile using them cannot start. The error names no cause."
Manager.PIDFile,internal/tunnel/tunnel.go,221,internal/tunnel,good,5,3,8,adequate,12,,100.0,,,True,,
Manager.Status,internal/tunnel/tunnel.go,236,internal/tunnel,bug,2,3,5,adequate,4,TestStatusDescribesEveryProfile TestStatusIgnoresAStalePIDFile,100.0,,,False,upheld,"The pid file names an unrelated live process (crash, pid reuse). `tunnel status -o json` then emits {""running"":false,""pid"":<that pid>} (verified by a probe). The table hides the PID when down, but the object does not, which invites a script to kill the wrong process."
Manager.running,internal/tunnel/tunnel.go,260,internal/tunnel,nit,4,4,8,strong,5,TestStatusIgnoresAStalePIDFile,84.6,5,7,False,,"The stated reason is wrong: removeStale does not need the pid. The pid is used only for Stop's error text. That leaves the two-meaning return undocumented, and Status copies it into its output."
runsWith,internal/tunnel/tunnel.go,285,internal/tunnel,nit,4,2,6,weak,3,,57.1,3,8,False,,"The name does not say the path is a pid file argument, so readers must consult the doc to know what 'runs with' means."
Manager.lock,internal/tunnel/tunnel.go,311,internal/tunnel,good,5,2,7,weak,3,,75.0,1,2,False,,
Manager.removeStale,internal/tunnel/tunnel.go,323,internal/tunnel,nit,4,3,7,adequate,3,,66.7,0,2,False,,"The name and doc ('removes a process id file that names no tunnel') suggest it verifies staleness. It deletes whatever file is there, and Stop calls it on a still-live tunnel's file."
Manager.Start,internal/tunnel/tunnel.go,332,internal/tunnel,good,5,3,8,adequate,1,TestStartStopFindTheTunnelByItsProcessIDFile,76.5,5,8,False,,
Manager.Stop,internal/tunnel/tunnel.go,362,internal/tunnel,good,4,3,7,adequate,4,TestStartStopFindTheTunnelByItsProcessIDFile TestStopRefusesAnUnknownName TestStopReportsATunnelThatIsNotRunning,78.9,5,8,False,,
Get,internal/version/version.go,47,internal/version,good,5,2,7,weak,6,TestGetFallsBackToDevel,100.0,,,False,,
fromBuildInfo,internal/version/version.go,68,internal/version,good,5,4,9,strong,8,TestFromBuildInfo TestFromBuildInfoPrefersTheInjectedValues,100.0,7,7,False,,
Info.String,internal/version/version.go,98,internal/version,nit,4,3,7,adequate,2,TestStringShortensTheRevision,100.0,2,4,False,,"The output says 'built <Date>', but .goreleaser.yaml injects {{ .CommitDate }} and the fallback is vcs.time; both are commit timestamps. Info.Date's doc hedges ('build or commit'). Users will read the commit date as the build date."
NodeSet.byPattern,nodeset/fold.go,26,nodeset,good,5,4,9,strong,220,,100.0,0,1,False,,
NodeSet.fold,nodeset/fold.go,40,nodeset,good,5,5,10,strong,204,TestFold TestFoldRoundTrip TestFoldLargeSets FuzzParseFold TestAutostep,100.0,,,False,,
unitVectors,nodeset/fold.go,52,nodeset,good,5,4,9,strong,220,,100.0,,,False,,
foldPattern,nodeset/fold.go,67,nodeset,nit,4,4,8,strong,204,TestFold,100.0,3,4,False,,"After one pass over all axes, nothing more ever merges. I folded 300k random 2-4 dimensional sets with mixed padding using one pass and got identical output, and it can be proved for 2-D and 3-D. The repeat pass and foldAxis's bool result do nothing."
foldOneAxis,nodeset/fold.go,90,nodeset,good,5,4,9,strong,76,TestHostlist,100.0,3,3,False,,
foldAxis,nodeset/fold.go,112,nodeset,nit,4,4,8,strong,144,TestFoldLargeSets,100.0,4,6,False,,"target is the same rangeSet as vectors[i].dims[axis], so the function changes its input. The doc does not say so, and it is the reason foldOneAxis has to rebuild unitVectors for every axis. A caller that reused its input would get corrupted vectors."
vector.keyWithout,nodeset/fold.go,141,nodeset,nit,4,3,7,adequate,144,,100.0,2,2,False,,"String is injective on normalised values and pads at every autostep, and 20k random sets gave the same keys with and without autostep. So the parameter only adds cost (it runs arithmeticRun for every key) and forces callers to pass it along."
vector.render,nodeset/fold.go,155,nodeset,good,5,4,9,strong,220,,100.0,1,1,False,,
sortVectors,nodeset/fold.go,168,nodeset,good,5,2,7,weak,220,,70.0,2,7,False,,
WithAutostep,nodeset/nodeset.go,29,nodeset,nit,4,3,7,adequate,2,TestAutostep,100.0,,,True,,"The doc says it folds progressions of at least n elements and that n=2 enables it. With n=2, exe[1,3] still prints exe[1,3] (ClusterShell 1.10.1 prints exe[1-3/2]), yet exe[1,3,4] prints exe[1-3/2,4]. The cause is the i+2>=len guard in rangeset.go:233."
New,nodeset/nodeset.go,34,nodeset,good,5,3,8,adequate,412,,75.0,,,False,,
Parse,nodeset/nodeset.go,44,nodeset,good,5,5,10,strong,401,TestParseExpand TestParseErrors TestGroupErrors,100.0,,,True,,
ParseWith,nodeset/nodeset.go,50,nodeset,good,5,5,10,strong,403,TestGroups TestGroupErrors TestExpressionLimits,100.0,2,2,False,,
MustParse,nodeset/nodeset.go,63,nodeset,good,5,5,10,strong,70,TestMustParsePanics,100.0,,,True,,
NodeSet.Len,nodeset/nodeset.go,72,nodeset,good,5,5,10,strong,405,TestParseExpand,100.0,,,True,,
NodeSet.IsEmpty,nodeset/nodeset.go,75,nodeset,good,5,4,9,strong,407,TestAddAndContains,100.0,,,True,,
NodeSet.Clone,nodeset/nodeset.go,78,nodeset,good,5,3,8,adequate,321,,100.0,,,False,,
NodeSet.Add,nodeset/nodeset.go,87,nodeset,nit,4,4,8,strong,364,TestAddAndContains,100.0,2,2,False,,"Most callers write `_ = x.Add(name)` with a single host name, for example bmc.go:843 with fields[0] taken from command output. A name containing , ! & ^ [ or whitespace is then evaluated as an expression, and a malformed one is dropped silently. The doc does not say that groups are rejected."
NodeSet.Contains,nodeset/nodeset.go,98,nodeset,good,5,5,10,strong,155,TestAddAndContains,100.0,,,False,,
NodeSet.Canonical,nodeset/nodeset.go,110,nodeset,good,5,5,10,strong,345,TestCanonicalReturnsAHeldName,100.0,3,3,False,,
NodeSet.lookup,nodeset/nodeset.go,119,nodeset,good,5,4,9,strong,357,,85.7,2,3,False,,
NodeSet.Expand,nodeset/nodeset.go,133,nodeset,good,5,5,10,strong,380,TestParseExpand,100.0,,,False,,
NodeSet.sorted,nodeset/nodeset.go,143,nodeset,good,5,4,9,strong,381,,100.0,,,False,,
NodeSet.String,nodeset/nodeset.go,154,nodeset,good,5,5,10,strong,204,TestFold TestFoldRoundTrip,100.0,,,True,,
NodeSet.Union,nodeset/nodeset.go,157,nodeset,good,5,5,10,strong,312,TestSetOperations TestCanonicalReturnsAHeldName,100.0,,,False,,
NodeSet.Intersection,nodeset/nodeset.go,164,nodeset,good,5,4,9,strong,150,TestSetOperations,100.0,,,False,,
NodeSet.Difference,nodeset/nodeset.go,171,nodeset,good,5,4,9,strong,306,TestSetOperations,100.0,,,False,,
NodeSet.SymmetricDifference,nodeset/nodeset.go,178,nodeset,good,5,4,9,strong,1,TestSetOperations,100.0,,,False,,
NodeSet.Split,nodeset/nodeset.go,186,nodeset,good,5,4,9,strong,4,TestSplit,100.0,3,4,False,,
NodeSet.merge,nodeset/nodeset.go,216,nodeset,good,5,4,9,strong,375,,100.0,1,1,False,,
NodeSet.subtract,nodeset/nodeset.go,224,nodeset,good,5,4,9,strong,313,,100.0,,,False,,
NodeSet.intersect,nodeset/nodeset.go,230,nodeset,good,5,3,8,adequate,155,,100.0,1,1,False,,
NodeSet.symmetricDifference,nodeset/nodeset.go,238,nodeset,good,5,3,8,adequate,4,,100.0,1,1,False,,
lessNode,nodeset/nodeset.go,250,nodeset,good,5,2,7,weak,372,,75.0,3,7,False,,
NodeSet.Hostlist,nodeset/nodeset.go,273,nodeset,good,5,5,10,strong,76,TestHostlist,100.0,,,False,,
newBudget,nodeset/parse.go,30,nodeset,good,5,4,9,strong,409,TestExpressionLimits,100.0,,,True,,
node.key,nodeset/parse.go,42,nodeset,good,5,4,9,strong,405,TestAddAndContains TestParseExpand,100.0,,,False,,
node.name,nodeset/parse.go,53,nodeset,good,5,4,9,strong,380,TestCanonicalReturnsAHeldName TestParseExpand,100.0,1,1,False,,"No test uses a name containing %. Removing the %% unescape here, or the escaping in parsePattern, passes the whole suite, although such names would then print wrongly."
parseExpression,nodeset/parse.go,80,nodeset,nit,4,3,7,adequate,409,TestParseExpand TestParseErrors TestOperatorsEvaluateLeftToRight TestExpressionLimits TestClusterShellCorpus,96.3,6,8,False,,"Every host in result was charged to the shared budget, which starts at maxSetElements, so result.Len() can never exceed the cap. The check is dead: removing it passes every test. The limits comment (L18-22) still presents it as a separate mechanism."
missingOperand,nodeset/parse.go,169,nodeset,good,5,2,7,weak,4,TestDanglingOperatorIsAUsageError,100.0,1,1,False,,"No test checks the message. TestParseErrors asserts only err != nil, and the cli test only the substring ""operand"". Swapping ""left"" and ""right"" passes the suite."
apply,nodeset/parse.go,173,nodeset,good,5,4,9,strong,59,TestParseExpand TestOperatorsEvaluateLeftToRight,100.0,,,False,,
parseTerm,nodeset/parse.go,187,nodeset,good,5,4,9,strong,407,,100.0,1,1,False,,
parsePattern,nodeset/parse.go,198,nodeset,good,5,4,9,strong,406,TestParseExpand TestParseErrors TestExpressionLimits TestOversizedExpressionsAreRefusedEarly TestLargeSetIsRejected,92.8,7,8,False,,"Three branches are untested. Dropping the % escaping survives. Ignoring the error of a bare literal over 18 digits survives, and the name would then render as exe0. A budget used up exactly, then a plain name (exe[1-100],exe1 at limit 100), is never reached."
padOf,nodeset/rangeset.go,26,nodeset,good,5,4,9,strong,406,TestParseExpand TestFoldRoundTrip,100.0,1,1,False,,
digits,nodeset/rangeset.go,34,nodeset,good,5,3,8,adequate,406,,100.0,1,1,False,,
normalPad,nodeset/rangeset.go,45,nodeset,good,5,2,7,weak,406,,100.0,1,1,False,,"No test depends on normalPad: replacing it with 'return pad' passes the suite. Without it, exe9,exe[08-10] folds to exe[08,9,10], which re-parses and prints as exe[08,9-10]. That breaks the fold idempotence the package promises."
format,nodeset/rangeset.go,53,nodeset,good,5,4,9,strong,395,TestParseExpand,100.0,1,1,False,,
fits,nodeset/rangeset.go,62,nodeset,good,5,4,9,strong,106,TestFold,100.0,2,2,False,,
rangeSet.add,nodeset/rangeset.go,67,nodeset,good,5,3,8,adequate,406,,100.0,,,True,,
rangeSet.sortUnique,nodeset/rangeset.go,74,nodeset,good,5,4,9,strong,385,TestParseExpand,100.0,2,3,False,,
span.count,nodeset/rangeset.go,98,nodeset,good,5,3,8,adequate,382,,100.0,,,True,,
parseSpans,nodeset/rangeset.go,104,nodeset,bug,2,3,5,adequate,382,TestParseErrors TestParseExpand TestExpressionLimits TestClusterShellCorpus,97.1,5,8,False,upheld,"exe[1-] parses as exe1, and exe[1-,5] as exe[1,5]; ClusterShell 1.10.1 rejects both. So exe[1-$N] with an empty substitution silently selects exe1. This is the empty-substitution case the package deliberately rejects for dangling operators."
expandSpans,nodeset/rangeset.go,163,nodeset,good,5,4,9,strong,382,TestParseExpand,100.0,1,1,False,,
parseNumber,nodeset/rangeset.go,175,nodeset,nit,4,4,8,strong,406,TestParseErrors,100.0,4,5,False,,"The doc does not mention the 18-digit cap, which is the overflow guard for expandSpans. A 19-digit host number fails with a bare 'invalid number' and no mention of length."
rangeSet.String,nodeset/rangeset.go,191,nodeset,nit,4,4,8,strong,211,TestFold,100.0,1,1,False,,"Because of the parameter, %v on a *rangeSet ignores this method, and the name reads inconsistently next to vector.render(autostep), which does the same job one level up."
rangeSet.list,nodeset/rangeset.go,201,nodeset,good,5,4,9,strong,108,TestFold TestHostlist TestAutostep,100.0,5,7,False,,
rangeSet.arithmeticRun,nodeset/rangeset.go,231,nodeset,bug,2,3,5,adequate,1,TestAutostep,77.8,3,3,False,upheld,"With WithAutostep(2), exe[1,3] prints exe[1,3] but exe[1,3,10] prints exe[1-3/2,10] (verified). The i+2>=len guard skips a two-element run at the tail, but a two-element run found mid-set is returned. This contradicts its own doc (longest run) and WithAutostep's 'at least n elements'. The output still round-trips, so the harm is cosmetic."
resolveGroup,nodeset/resolver.go,34,nodeset,good,5,4,9,strong,37,TestGroups TestGroupErrors,100.0,7,8,False,,
NewMapResolver,nodeset/resolver.go,77,nodeset,nit,4,2,6,weak,2,TestGroupErrors,100.0,,,True,,"Every test that builds one expects an error (@missing, @other:compute, the cycle, the limits), so setting Default to """" still passes the suite."
MapResolver.Resolve,nodeset/resolver.go,85,nodeset,good,5,4,9,strong,3,TestGroups TestGroupErrors,100.0,5,5,False,,
MapResolver.List,nodeset/resolver.go,101,nodeset,good,5,3,8,adequate,1,,90.0,2,3,False,,
MapResolver.All,nodeset/resolver.go,118,nodeset,bug,2,3,5,adequate,1,TestGroups,80.0,2,4,False,upheld,"Evaluation is strictly left to right, so an operator inside one group applies to everything before it. With a=exe2 and b=exe[1-4]!exe2, @a,@b is exe[1-4] but @* is exe[1,3-4]. internal/groups.Resolver.All repeats this pattern."
MapResolver.DefaultSource,nodeset/resolver.go,135,nodeset,good,5,0,5,none,0,,0.0,,,True,,"No test executes it, and nothing in the repository calls Resolver.DefaultSource through the interface."
